year,ecoregion,ba_forest_km2,ba_forest_counter_km2,ba_nonforest_km2,ba_nonforest_counter_km2,fwi90,fwi_90_counter,ppt_mm,ppt_counter_mm
2002,1.1,0,0,0,0,0.7407633,0.6122863,339.3158,362.2916
2003,1.1,0,0,74.60043,77.49937,1.343778,1.151979,316.8591,340.9324
2004,1.1,0,0,28.72544,32.69473,0.6811664,0.5755431,385.8049,412.1926
2005,1.1,0,0,70.31304,74.78903,0.8971829,0.7422069,347.4858,370.6802
2006,1.1,0,0,3.858642,4.269548,0.8552918,0.6775671,440.8369,471.1196
2007,1.1,0,0,29.36855,33.70332,0.7004463,0.5815139,433.5228,462.2585
2008,1.1,0,0,25.93865,25.72359,1.548886,1.296646,354.4534,379.0336
2009,1.1,0,0,50.80547,47.94875,1.387486,1.063804,328.7555,354.5836
2010,1.1,0,0,0.214369,0.1992708,1.107927,0.818795,276.8026,297.2899
2011,1.1,0,0,16.29204,18.30848,0.8080219,0.6644841,397.6977,426.3884
2012,1.1,0,0,43.08817,47.007,0.8639942,0.6831828,334.6149,363.4979
2013,1.1,0,0,42.65944,45.12663,1.002382,0.8102674,356.396,382.6931
2014,1.1,0,0,21.22253,20.31763,1.194464,0.881972,357.1304,383.5546
2015,1.1,0,0,132.0513,142.7103,0.7108427,0.5002529,378.3564,409.1193
2016,1.1,0,0,20.79379,17.48711,1.516463,0.9960324,347.5108,379.3342
2017,1.1,0,0,27.86797,27.58698,0.8957624,0.6668163,340.3489,362.3471
2018,1.1,0,0,19.50758,20.85182,1.04701,0.8243247,368.466,399.1255
2019,1.1,0,0,3.001166,2.585631,1.379821,0.8932407,350.1908,381.5056
2020,1.1,0,0,13.50525,12.36588,1.415212,1.099843,280.8733,302.1933
2021,1.1,0,0,14.79146,13.9944,1.243157,0.936514,316.0729,340.4727
2022,1.1,0,0,58.52274,63.64975,1.15343,0.888489,423.2129,460.2589
2023,1.1,0,0,48.87613,45.70745,1.526786,1.166514,324.6141,353.0454
2002,2.1,0,0,0,0,3.352397,2.489785,267.1311,287.0708
2003,2.1,0,0,0.214369,0.214369,3.128292,2.535827,207.5271,224.1259
2004,2.1,0,0,0,0,2.225134,1.576949,263.0431,284.8846
2005,2.1,0,0,0,0,1.760624,1.18187,218.5689,236.5533
2006,2.1,0,0,0,0,3.140546,2.395285,303.505,328.8234
2007,2.1,0,0,0,0,2.699298,2.262727,269.5136,292.3609
2008,2.1,0,0,0,0,3.556571,2.785654,273.903,298.7464
2009,2.1,0,0,0,0,3.860932,2.951426,283.2341,307.7642
2010,2.1,0,0,0,0,4.922147,3.689487,195.8408,213.5058
2011,2.1,0,0,0,0,4.988796,4.111383,241.1885,261.6961
2012,2.1,0,0,0.428738,0.428738,2.381762,1.766482,222.4482,242.8551
2013,2.1,0,0,0.214369,0.214369,4.21031,3.124085,267.8182,294.206
2014,2.1,0,0,0,0,3.312312,2.288242,237.5514,259.7911
2015,2.1,0,0,0,0,2.701859,1.798509,249.6902,274.304
2016,2.1,0,0,0.214369,0.214369,5.444566,4.114766,252.8706,277.5192
2017,2.1,0,0,0,0,4.59685,3.135606,225.4594,245.226
2018,2.1,0,0,0,0,2.475344,1.705608,233.7792,256.5912
2019,2.1,0,0,1.286214,1.286214,6.041465,4.544589,262.5209,288.322
2020,2.1,0,0,0,0,5.378637,4.191892,222.2757,243.7161
2021,2.1,0,0,1.500583,1.500583,1.463326,0.7946739,199.0926,218.0464
2022,2.1,0,0,0.643107,0.643107,7.178938,5.347122,341.5598,376.7494
2023,2.1,0,0,0.857476,0.857476,4.694068,3.654831,199.3145,218.1351
2002,2.2,0,0,367.8572,280.5071,1.855669,1.58043,350.9585,350.1427
2003,2.2,0,0,120.0467,99.59137,0.8650354,0.672108,334.6135,334.4247
2004,2.2,0,0,49.30487,41.99402,1.392994,1.23622,381.3578,380.1691
2005,2.2,0,0,48.87613,31.04689,2.328893,1.878919,334.7654,332.1711
2006,2.2,0,0,25.08117,22.29313,0.6262098,0.4911557,307.691,309.098
2007,2.2,0,0,901.6359,541.2712,2.772234,2.241374,359.4937,359.4175
2008,2.2,0,0,87.24818,69.20444,1.105751,0.8319249,248.4594,252.1727
2009,2.2,0,0,43.08817,29.75245,1.925051,1.505726,327.5241,331.3613
2010,2.2,0,0,240.3077,188.0211,1.215021,0.9076923,375.8986,381.8129
2011,2.2,0,0,78.03032,58.69756,0.8561096,0.553068,305.3786,306.1207
2012,2.2,0,0,179.8556,136.8034,1.50901,1.18434,354.2271,358.761
2013,2.2,0,0,55.09283,44.46208,0.9267001,0.7279847,337.7088,334.8987
2014,2.2,0,0,37.72894,29.21271,0.957368,0.6880745,359.6884,360.0111
2015,2.2,0,0,503.9815,261.5558,2.617398,1.904397,336.3859,339.793
2016,2.2,0,0,3.215535,2.074958,2.037843,1.550331,340.8477,344.4165
2017,2.2,0,0,3.429904,2.63141,1.28855,0.9872261,345.9547,348.8441
2018,2.2,0,0,3.858642,3.08855,0.8567259,0.6129773,330.3505,331.707
2019,2.2,0,0,172.3527,123.0972,1.897964,1.493797,398.0735,404.198
2020,2.2,0,0,91.9643,57.64977,1.529805,0.9900635,420.1312,426.2215
2021,2.2,0,0,53.37788,45.4238,0.7845107,0.5270774,324.6024,334.8144
2022,2.2,0,0,1043.334,649.9088,1.555382,0.9952682,406.486,414.1509
2023,2.2,0,0,9.003499,7.740507,0.7088189,0.5122044,341.3888,345.8661
2002,2.3,0,0,360.9973,471.6512,0.3590274,0.2959448,329.8723,316.3674
2003,2.3,0,0,462.3938,623.8698,0.3498844,0.2687953,364.8268,348.9836
2004,2.3,0,0,103.3259,97.07643,1.597572,1.337761,421.2658,405.6028
2005,2.3,75.02915,75.02915,255.3135,229.6684,1.515516,1.253443,324.7659,310.4407
2006,2.3,0,0,72.028,80.78684,0.2982528,0.2410454,314.5486,306.6871
2007,2.3,0,0,348.9928,329.873,1.657294,1.370883,401.5004,383.8069
2008,2.3,0,0,91.10681,107.2191,0.5816319,0.4794829,282.3483,269.7556
2009,2.3,0.857476,0.857476,79.10218,70.10727,0.8064051,0.579568,369.6086,358.2083
2010,2.3,0,0,53.59225,42.53698,1.017691,0.7569755,379.4988,369.5652
2011,2.3,0,0,1.286214,1.57685,0.5387878,0.3782753,356.5809,338.5845
2012,2.3,0,0,149.6296,129.2703,0.909097,0.6648832,334.8784,323.1645
2013,2.3,0,0,178.9983,230.7593,0.9045457,0.743731,371.6089,351.8653
2014,2.3,0,0,103.1115,111.5441,0.4286578,0.296484,335.5082,323.7505
2015,2.3,0,0,19.07884,17.70971,1.305393,1.048352,397.6667,382.6083
2016,2.3,0,0,184.143,189.0993,0.7152507,0.5468904,370.0901,357.6399
2017,2.3,0,0,130.9795,115.4364,1.242117,0.9598311,375.5775,360.5698
2018,2.3,0,0,0,0,0.3329608,0.2286072,400.2685,385.5613
2019,2.3,0,0,25.29554,21.67567,1.15947,0.8555281,426.9604,411.4341
2020,2.3,0,0,0,0,0.925898,0.5125928,435.2568,423.6888
2021,2.3,0,0,273.5349,212.1246,1.243824,1.047611,342.8121,338.0965
2022,2.3,0,0,54.23536,49.72084,0.7912905,0.5453056,390.4102,376.5367
2023,2.3,0,0,121.5472,141.3831,0.8963318,0.749081,345.3864,330.1035
2002,2.4,0,0,0,0,3.359825,2.806597,259.371,276.8389
2003,2.4,0,0,39.87264,16.33423,4.579807,3.889618,245.6532,260.0335
2004,2.4,0,0,5.787963,2.283702,4.012193,3.287053,241.8472,256.7082
2005,2.4,0,0,0.214369,0.09375749,3.186213,2.54347,208.7449,222.0041
2006,2.4,0,0,54.44973,17.03879,6.177225,5.164689,263.7871,280.1047
2007,2.4,0,0,1.929321,0.7582612,4.778131,4.17235,244.0681,261.5714
2008,2.4,0,0,6.645439,2.513308,3.877958,3.264143,238.8988,257.4785
2009,2.4,0,0,0,0,4.66343,3.757065,298.9157,318.5071
2010,2.4,0,0,3.215535,1.185208,3.948828,3.122371,208.3276,223.2605
2011,2.4,0,0,8.360391,3.126023,5.735504,4.931766,229.8528,244.7999
2012,2.4,0,0,189.7166,58.52882,6.102582,4.975388,224.7368,239.0991
2013,2.4,0,0,120.2611,26.53544,6.864804,5.434219,233.0285,251.8607
2014,2.4,0,0,101.6109,30.26755,5.522843,4.391547,206.4151,221.8274
2015,2.4,0,0,59.38022,19.68661,3.909452,3.044215,233.5464,251.096
2016,2.4,0,0,4.501749,1.441109,5.741511,4.777635,243.1243,259.7305
2017,2.4,0,0,59.59461,12.49852,7.87871,6.229989,235.4336,251.3144
2018,2.4,0,0,0,0,4.286222,3.338599,243.4291,261.9609
2019,2.4,0,0,80.17402,23.09013,3.906416,2.917495,254.6065,274.1122
2020,2.4,0,0,0.428738,0.1356842,5.540872,4.749315,283.0952,303.7046
2021,2.4,0,0,32.15535,7.867945,4.430854,3.126688,235.5465,253.6915
2022,2.4,0,0,55.95033,9.133924,9.729633,7.967435,262.7109,284.3199
2023,2.4,0,0,534.6361,110.9582,9.265965,7.582763,216.7737,232.2673
2002,3.1,2186.993,1448.638,1355.026,862.7499,4.407597,4.002417,357.829,357.6512
2003,3.1,947.0822,738.765,33.01283,25.21118,2.637942,2.397619,342.8199,344.2785
2004,3.1,3974.401,2872.372,1484.934,1039.445,5.809956,5.48935,410.6678,410.0727
2005,3.1,5352.793,3519.258,2436.947,1542.727,5.452919,5.044106,286.7317,287.9933
2006,3.1,192.289,128.6984,0.214369,0.1386712,2.708601,2.320454,317.647,320.1271
2007,3.1,388.2223,266.6332,97.96663,64.75938,3.661196,3.28832,365.8691,364.4229
2008,3.1,71.38487,48.97912,15.86331,10.46818,2.915337,2.540518,284.0198,282.196
2009,3.1,4985.58,2613.95,76.52973,37.99057,5.551949,4.92797,343.8681,347.9305
2010,3.1,886.2015,570.6423,201.9356,126.3509,3.835032,3.422668,345.7386,353.5679
2011,3.1,44.80313,29.87623,13.29088,8.505031,3.077636,2.675535,329.1526,327.6177
2012,3.1,396.3683,286.6646,36.01399,25.24082,3.419105,3.099901,350.5421,350.223
2013,3.1,1301.22,870.9485,66.88313,42.90048,5.944531,5.543459,341.0884,338.5245
2014,3.1,54.23536,30.23727,10.93282,5.788334,2.464698,1.896716,284.1365,286.5041
2015,3.1,5525.36,2679.066,986.3116,447.2981,4.981244,4.273188,376.9912,378.2368
2016,3.1,308.477,172.2443,27.01049,14.29153,3.035525,2.465537,331.7174,332.7233
2017,3.1,923.2873,461.2792,236.0203,110.3477,5.085832,4.403652,405.1024,404.9705
2018,3.1,480.1865,327.3596,26.15302,17.20186,2.859205,2.483792,327.2937,327.6919
2019,3.1,3719.517,2031.903,342.5616,177.7956,5.438776,4.854455,422.0934,425.8862
2020,3.1,40.08701,19.42198,1.929321,0.8827923,3.449356,2.755388,387.3633,394.3773
2021,3.1,245.4525,111.3715,67.74061,29.10409,4.549939,3.805012,399.7636,412.0176
2022,3.1,2812.736,1170.062,522.4172,201.6382,6.026982,5.178382,406.5946,411.729
2023,3.1,771.514,492.9181,569.7928,349.6449,2.927397,2.490763,341.3146,342.7017
2002,3.2,10.07534,7.201809,28.93981,22.37138,1.053637,0.8996673,390.0132,396.5666
2003,3.2,0.643107,0.4438009,97.53792,71.35425,1.703961,1.492117,474.7069,473.8676
2004,3.2,1376.892,757.4702,2476.39,1529.455,4.140814,3.831672,406.6785,411.5493
2005,3.2,393.1527,184.3704,350.0646,191.7686,2.716531,2.337837,327.0432,335.7385
2006,3.2,62.38138,40.43766,13.07651,9.348191,1.788371,1.584756,385.0916,392.6198
2007,3.2,17.14952,11.57695,81.88897,59.37948,2.107831,1.897818,418.2739,420.1729
2008,3.2,5.144856,3.124259,8.574759,5.74135,1.633502,1.377087,392.2512,396.6297
2009,3.2,34.51341,17.5409,47.16119,26.61463,2.488932,2.099786,437.2462,435.209
2010,3.2,103.5402,45.46418,18.43573,9.430208,2.658571,2.222889,403.6979,408.4858
2011,3.2,1.286214,0.838721,0.214369,0.1503976,1.207435,0.9719856,425.0015,425.7265
2012,3.2,100.3247,58.52851,69.02683,44.21088,2.341641,2.046614,474.4281,475.675
2013,3.2,126.049,77.01396,53.3779,35.68726,2.283716,2.020974,415.9387,418.4304
2014,3.2,18.86447,12.11055,55.95033,39.08692,1.368336,1.137156,435.5712,438.8142
2015,3.2,253.3842,152.126,84.89019,55.17782,1.345794,1.053146,433.9474,432.5471
2016,3.2,11.79029,6.875088,9.217866,5.885139,1.818573,1.519143,500.685,501.131
2017,3.2,600.8763,178.1418,394.8676,143.574,4.292009,3.616693,477.7492,478.6835
2018,3.2,105.0408,54.23742,3.215535,1.924725,2.009029,1.696411,411.2623,422.3225
2019,3.2,69.2412,25.47509,24.43806,10.44843,2.744653,2.16311,487.7697,483.4758
2020,3.2,0.428738,0.2627987,0.214369,0.1429896,1.427748,1.159379,398.5489,399.6022
2021,3.2,263.4595,118.6543,112.9725,59.73013,3.417524,3.013656,513.5977,521.7984
2022,3.2,212.2253,99.58437,56.16468,30.01466,2.581802,2.165997,405.0198,406.4664
2023,3.2,558.0025,206.8377,380.2906,171.6669,3.285341,2.779197,424.2343,433.7255
2002,3.3,42.65943,28.81922,7.931653,5.901204,4.94684,4.663594,291.8792,308.2471
2003,3.3,1466.498,958.128,367.4285,265.3676,6.777171,6.363947,296.5006,310.2294
2004,3.3,3386.171,2223.631,43.94564,31.89026,9.667231,9.279361,285.2859,299.6286
2005,3.3,755.0076,493.7384,334.63,241.1999,5.44761,4.971764,194.13,205.4068
2006,3.3,320.0529,201.1095,52.73477,37.03455,7.843577,7.4348,291.7317,308.3306
2007,3.3,1381.823,784.9307,304.1896,197.6373,7.68766,7.165931,295.8526,315.1358
2008,3.3,752.0064,435.7915,127.7639,84.07081,7.23289,6.669694,277.8964,294.2144
2009,3.3,44.58876,28.47069,0.428738,0.3037415,5.111234,4.635521,280.0991,293.0353
2010,3.3,15.43457,8.770993,6.645439,4.303313,6.329485,5.722479,283.0782,299.082
2011,3.3,2266.309,1340.878,1.286214,0.8576981,7.472725,6.869653,305.1215,318.4815
2012,3.3,5331.141,3132.819,28.51108,18.88134,11.00683,10.35682,272.4072,284.449
2013,3.3,2302.323,1273.723,154.5601,97.82335,8.537532,7.848562,269.2718,284.0079
2014,3.3,9608.445,5898.715,427.4518,293.8891,8.410378,7.898326,262.4512,276.7242
2015,3.3,5793.535,3358.013,127.7639,83.60081,8.083126,7.384621,245.3948,256.5406
2016,3.3,417.3764,230.812,34.08467,21.53145,7.538507,6.811447,290.1875,303.4997
2017,3.3,881.914,397.5349,554.1439,299.1952,11.62425,10.68202,305.4432,324.7116
2018,3.3,443.3151,215.2446,0.643107,0.3678153,8.200308,7.348827,283.819,301.4005
2019,3.3,1466.284,634.5578,216.7271,113.1378,7.565207,6.523273,308.648,326.9374
2020,3.3,153.2738,78.1134,0,0,5.992562,5.189684,278.7699,294.849
2021,3.3,836.8966,400.75,237.0921,134.7077,8.760908,7.9898,353.3792,374.985
2022,3.3,2000.92,806.2084,156.9181,77.52871,12.35466,11.23366,276.1261,296.351
2023,3.3,38028.42,14702.28,923.9304,441.7088,14.41685,13.22445,261.3858,281.7496
2002,3.4,1554.39,972.2421,2530.197,1800.121,4.470579,4.029681,408.897,423.152
2003,3.4,704.4165,408.1215,857.2616,569.1914,6.196846,5.617172,410.9891,424.7187
2004,3.4,1724.17,1052.607,340.2036,235.4498,5.167422,4.654271,407.4686,420.3489
2005,3.4,1373.248,679.1947,224.0156,129.1194,6.292608,5.43258,411.7629,424.6801
2006,3.4,831.5374,444.7906,103.969,64.60794,6.74949,6.053857,435.4897,449.8998
2007,3.4,999.6026,567.1596,1689.013,1104.661,5.617635,5.018763,451.9025,466.2867
2008,3.4,2760,1518.578,342.9904,218.0199,6.5418,5.883383,426.373,440.3827
2009,3.4,162.9204,94.78152,228.7318,151.5761,4.9656,4.365478,399.8807,412.4476
2010,3.4,1563.822,828.9097,496.4787,304.9702,6.001474,5.272753,396.9677,410.6076
2011,3.4,1479.146,767.6085,358.6394,214.5946,6.479049,5.676672,414.9603,426.9488
2012,3.4,1354.383,705.7735,217.7989,131.0175,6.516572,5.729572,394.2321,406.5854
2013,3.4,3626.909,1364.361,1586.974,732.8918,9.433777,8.202723,432.3849,448.7566
2014,3.4,2455.168,1129.985,2746.067,1487.592,8.816126,7.839972,387.7161,400.7499
2015,3.4,824.0345,418.516,130.122,77.34126,5.376628,4.598268,385.9742,400.5067
2016,3.4,771.0853,383.272,184.5717,106.4267,6.452071,5.580855,389.3731,401.4625
2017,3.4,4052.217,1795.328,502.481,264.5658,7.4778,6.461782,421.8839,435.9005
2018,3.4,451.2468,211.1224,143.4129,79.49532,5.865494,4.959455,431.4199,446.2886
2019,3.4,263.2451,126.5277,146.6284,83.31789,4.54298,3.688133,408.9256,424.0793
2020,3.4,15.64894,7.86171,21.86564,12.95086,5.410351,4.643482,461.0119,476.8029
2021,3.4,1417.837,596.7552,435.3834,223.9357,6.309673,5.313728,458.1331,476.6217
2022,3.4,1569.824,658.4386,609.8798,309.3368,7.62697,6.571219,448.4792,464.6603
2023,3.4,11978.94,4046.351,9460.96,3957.039,9.424607,7.988698,423.8687,439.085
2002,4.1,946.6536,742.8568,298.4017,188.6028,7.440973,6.735398,451.3404,463.6685
2003,4.1,633.8892,388.2185,1144.73,575.783,12.35986,11.26207,433.3723,445.4575
2004,4.1,6.002332,4.332787,28.51108,17.77012,5.492036,4.740444,320.7139,329.5992
2005,4.1,1209.47,803.0217,30.65476,16.90296,8.964279,8.018177,462.4921,473.7228
2006,4.1,144.6991,100.8095,47.80428,27.05601,7.86972,6.97481,457.7595,470.0119
2007,4.1,38.15768,25.62077,64.73943,35.66154,6.816261,5.872411,428.4202,440.2677
2008,4.1,1.714952,1.250347,0.643107,0.3938947,6.131749,5.359498,468.5607,478.8779
2009,4.1,333.7726,245.7236,7.717284,4.929439,5.13552,4.423826,472.2014,480.7645
2010,4.1,126.2633,82.5954,24.2237,13.28095,7.574662,6.615975,490.6575,501.4472
2011,4.1,10.07534,5.903072,7.502914,3.577625,9.788383,8.60328,414.925,427.6377
2012,4.1,38.80079,25.54407,51.2342,29.32359,7.142193,6.24435,393.2734,402.0888
2013,4.1,2421.727,1248.243,838.3972,398.0761,9.582897,8.350697,452.0874,458.6005
2014,4.1,23.58059,13.61333,7.717284,4.010784,8.323288,7.251208,402.9201,410.2961
2015,4.1,23.36622,14.64399,8.360391,4.747312,5.690443,4.765921,415.1286,421.8971
2016,4.1,0,0,0,0,7.634797,6.473562,466.5486,476.6751
2017,4.1,108.8995,48.70756,185.4292,77.98629,10.02142,8.577642,422.8377,428.7096
2018,4.1,122.1903,54.6157,10.71845,4.592477,9.165584,7.747015,408.6421,413.4881
2019,4.1,0.214369,0.1192923,0.214369,0.1067319,6.167701,5.025107,400.7229,408.5456
2020,4.1,8.360391,4.493739,12.4334,5.79206,6.923667,5.678919,456.7709,466.4036
2021,4.1,31.29787,15.74959,122.8334,55.72205,7.378416,6.076115,437.9072,445.6509
2022,4.1,3.858642,1.723634,5.787963,2.402247,6.823844,5.361544,431.5773,438.091
2023,4.1,3532.158,1260.367,176.2113,58.37741,12.26842,10.42551,480.4384,487.7144
2002,5.1,8079.565,6577.713,90.03498,99.03527,7.539251,7.064424,520.8684,530.804
2003,5.1,5428.895,4062.625,26.36739,28.18985,8.906009,8.255864,537.589,547.1574
2004,5.1,1570.038,1252.861,0,0,5.609319,5.095494,479.7902,489.025
2005,5.1,5313.135,3999.876,33.8703,36.29779,7.306863,6.669075,548.6667,558.285
2006,5.1,8841.647,6545.625,189.2878,194.1283,8.115756,7.454007,552.678,559.7038
2007,5.1,4402.925,3286.573,31.08351,31.21766,6.516357,5.87854,527.1967,532.6979
2008,5.1,4520.612,3543.362,11.36156,11.91443,5.999277,5.455503,535.6693,543.1404
2009,5.1,464.3232,365.6869,47.80428,49.72824,4.648269,4.117169,556.2061,563.0622
2010,5.1,10125.07,7185.572,318.7667,330.3246,7.496476,6.739771,578.463,586.9247
2011,5.1,6386.48,4313.651,21.22253,21.39206,7.828558,6.972062,509.4647,516.9898
2012,5.1,3109.636,2035.084,6.002332,5.752382,7.570722,6.659877,530.6322,535.4001
2013,5.1,12672.85,8246.145,379.0044,378.4412,8.572267,7.637222,541.8581,549.428
2014,5.1,2035.433,1430.076,67.52624,66.14689,6.918558,6.156015,532.9998,537.941
2015,5.1,8125.651,5739.41,310.8351,305.1173,5.69698,4.94541,536.2374,541.2201
2016,5.1,1567.037,1030.913,46.08934,44.73657,7.001618,6.098526,556.6188,562.1315
2017,5.1,4203.561,2574.635,0.857476,0.8050713,8.552062,7.502831,563.1069,567.707
2018,5.1,2787.868,1581.75,27.86797,25.46165,9.095131,7.887078,556.3282,560.502
2019,5.1,2719.914,1674.307,5.787963,5.300651,7.582448,6.551237,530.1816,533.0553
2020,5.1,585.4418,370.1872,0.214369,0.2091624,6.283859,5.293041,562.1473,568.7091
2021,5.1,17125.29,10365.13,2.572428,2.533734,8.279905,7.191158,593.1255,601.0882
2022,5.1,2158.481,1344.116,1.071845,1.040235,6.482983,5.460359,512.1713,518.6547
2023,5.1,20407.28,11566.71,182.2137,165.8818,9.613335,8.404097,618.656,622.6112
2002,5.2,13.93399,9.14648,30.01166,28.80258,8.427743,7.910117,574.502,588.8375
2003,5.2,248.2393,155.0153,73.52857,70.18637,8.344707,7.764726,645.1835,661.0537
2004,5.2,16.07767,10.79124,5.144855,4.975684,6.106407,5.626534,537.6896,553.0013
2005,5.2,115.3305,65.07866,36.6571,34.1556,9.637264,8.905833,604.166,618.9987
2006,5.2,176.8545,99.65781,21.00817,19.27366,9.008883,8.24685,528.5538,538.6005
2007,5.2,326.484,177.0803,33.22719,30.24892,10.62147,9.804937,566.9944,577.0812
2008,5.2,27.6536,17.04487,6.216701,5.789274,5.750649,5.110518,529.5411,538.4786
2009,5.2,13.50525,8.051536,34.72778,32.23753,6.516762,5.835819,667.8335,677.9297
2010,5.2,1337.877,640.7563,18.22136,16.19,8.382316,7.389948,606.9978,617.5008
2011,5.2,314.9081,161.1749,16.93515,15.28441,8.483278,7.589794,525.9988,537.1223
2012,5.2,561.4324,258.5174,59.59458,51.88216,11.23686,10.16498,606.9008,613.5361
2013,5.2,1.714952,0.9578284,4.28738,3.849497,7.248793,6.43688,563.1765,567.0134
2014,5.2,7.717284,4.70797,32.15535,29.29738,6.412704,5.720677,667.716,670.4449
2015,5.2,22.72312,11.75798,2.358059,2.083637,7.214022,6.292136,666.4755,670.2289
2016,5.2,148.9865,65.67063,52.73477,45.28398,9.1115,7.968092,564.456,569.5995
2017,5.2,5.359225,3.005359,18.6501,16.57595,6.210562,5.383749,661.2735,661.6487
2018,5.2,421.0207,179.5715,50.80545,42.7018,11.23729,10.01911,741.9772,742.5052
2019,5.2,22.08001,9.878385,16.93515,14.37554,8.996468,7.846897,575.3381,575.8853
2020,5.2,0,0,52.30604,42.65537,9.547712,8.19769,664.8617,660.5343
2021,5.2,581.7972,213.7062,5.787963,4.691497,11.25727,9.814578,614.6044,613.4003
2022,5.2,33.44157,14.46598,16.72078,14.0514,8.914231,7.710495,513.303,512.8643
2023,5.2,453.8192,183.8,7.288546,5.951741,11.2318,9.905197,695.9655,690.7644
2002,5.3,0,0,0,0,9.075191,8.716433,651.1498,664.3722
2003,5.3,0,0,0,0,6.136209,5.834576,772.7733,787.9492
2004,5.3,0,0,0,0,4.73279,4.395418,753.9053,769.4112
2005,5.3,1.071845,1.071845,0,0,7.35782,6.947577,741.834,758.2712
2006,5.3,5.144856,5.144856,0,0,5.188087,4.797426,769.7473,782.3292
2007,5.3,0.857476,0.857476,0,0,7.609164,7.100819,835.491,852.8282
2008,5.3,0,0,0,0,6.107475,5.594764,792.0697,801.1741
2009,5.3,5.573594,5.573594,0,0,5.359128,4.945678,898.7047,908.2595
2010,5.3,0.428738,0.428738,0,0,7.892983,7.339483,805.0053,817.6172
2011,5.3,0,0,0,0,5.845229,5.421973,730.9078,738.7899
2012,5.3,0,0,0,0,8.388474,7.778373,976.3253,987.9654
2013,5.3,0,0,0,0,6.145529,5.576781,709.3499,718.8337
2014,5.3,0,0,0,0,6.0985,5.600597,811.7758,823.845
2015,5.3,0,0,0,0,7.174868,6.531786,829.8104,836.5251
2016,5.3,15.86331,15.86331,0,0,9.538194,8.774957,759.2878,766.3555
2017,5.3,0,0,0,0,7.317273,6.601308,765.214,769.3677
2018,5.3,1.714952,1.714952,0.214369,0.214369,8.963726,8.188657,857.5364,862.2554
2019,5.3,0,0,0,0,7.22584,6.505337,843.4725,844.549
2020,5.3,0.428738,0.428738,0,0,10.76154,9.761032,905.8514,910.0265
2021,5.3,1.071845,1.071845,0,0,7.259816,6.484621,733.7698,732.8829
2022,5.3,21.65127,21.65127,0,0,8.564041,7.655036,766.3905,769.6851
2023,5.3,202.5787,202.5787,0,0,6.893789,5.981608,845.8322,845.5319
2002,5.4,3863.143,3055.288,193.7896,240.1725,12.30035,11.57273,376.2965,390.9396
2003,5.4,626.6006,494.9148,238.8071,297.1944,9.487934,8.758829,349.595,364.6483
2004,5.4,116.6167,100.888,61.30954,73.88512,6.144665,5.743051,380.168,395.2396
2005,5.4,416.0902,344.121,368.9291,464.3613,5.527038,4.987802,422.1071,440.2454
2006,5.4,2014.854,1528.333,86.60509,115.3269,10.24589,9.418438,447.1321,468.1322
2007,5.4,256.3853,201.3276,333.1294,440.4528,6.927317,6.228894,410.6624,432.2368
2008,5.4,401.9418,302.5777,1102.071,1477.798,9.2485,8.397473,446.1646,467.6389
2009,5.4,422.0925,319.5866,213.7259,283.0588,7.944921,7.105511,379.0294,399.3492
2010,5.4,528.6339,390.0562,204.9367,270.7269,7.329552,6.387004,364.4926,383.5061
2011,5.4,1417.836,914.5468,286.397,424.0916,9.693957,8.326629,435.7439,462.1662
2012,5.4,744.5035,518.1948,174.7108,238.6357,9.864347,8.723158,452.7719,473.1996
2013,5.4,81.88895,59.02792,164.4211,237.1517,8.039116,7.082871,440.8854,468.773
2014,5.4,537.6373,377.7047,384.7924,539.4905,7.511281,6.429477,429.6638,453.3718
2015,5.4,7273.112,4805.585,192.289,281.404,11.61301,10.3293,391.2867,417.3475
2016,5.4,4002.699,2626.839,88.10566,123.4043,10.54783,9.198889,363.0135,383.9144
2017,5.4,321.5535,189.2191,638.391,992.6418,13.18078,11.49774,487.5765,515.8123
2018,5.4,601.5195,391.5706,374.5026,569.2579,13.80412,12.49572,400.5775,430.2805
2019,5.4,4074.297,2670.026,67.95498,97.53341,10.05173,8.718786,409.1249,432.6928
2020,5.4,373.4308,227.7485,277.3935,409.754,8.672586,7.08407,411.6651,435.5958
2021,5.4,3534.73,1964.451,145.7709,240.3969,15.51315,13.65859,490.5271,523.0612
2022,5.4,752.4352,410.4804,17.36389,26.54431,13.88963,11.89557,322.6279,345.9702
2023,5.4,9424.736,5589.281,85.31887,136.8218,12.49835,10.87294,451.6688,483.6542
2002,6.1,432.5965,280.2737,24.2237,14.1845,2.169013,1.907318,495.7443,506.1908
2003,6.1,343.6336,219.6335,78.45908,48.82121,2.39207,2.11621,466.5856,471.6207
2004,6.1,10240.83,6145.779,1279.997,725.1767,4.136435,3.823831,440.1965,447.94
2005,6.1,822.5336,533.6036,795.7375,456.1756,2.044579,1.78543,414.2047,426.3091
2006,6.1,843.542,509.6277,15.86331,8.665089,2.660039,2.35492,488.6534,499.5493
2007,6.1,120.6898,79.22866,25.29554,15.27875,1.979346,1.72444,462.9849,472.0194
2008,6.1,28.93981,18.07769,1.500583,0.8282918,1.63233,1.349712,471.5525,483.9181
2009,6.1,1599.407,748.723,210.2961,91.71086,3.899279,3.433466,492.5568,502.9765
2010,6.1,768.5128,340.5047,51.01982,20.57146,3.699841,3.201679,443.5364,456.0652
2011,6.1,203.6506,129.7306,6.216701,3.593661,1.695941,1.423439,428.4695,438.7338
2012,6.1,298.4017,181.7445,35.58525,20.18361,2.353597,2.051223,481.2701,489.9227
2013,6.1,1746.892,939.7832,55.52157,26.79262,3.123765,2.747223,459.3747,471.648
2014,6.1,629.173,306.5006,0.643107,0.2751547,2.210117,1.773582,464.7621,479.2733
2015,6.1,2229.866,1072.636,565.9341,243.1695,2.746014,2.300331,462.5997,475.9463
2016,6.1,347.4922,174.2034,36.22835,16.77249,2.905046,2.482438,489.2394,499.8382
2017,6.1,436.4553,189.0117,106.9701,42.28186,3.21426,2.701682,485.7251,498.19
2018,6.1,3403.108,1505.344,37.30021,14.78606,3.769213,3.271219,460.1898,473.8674
2019,6.1,1647.425,596.319,265.6032,90.99773,3.961413,3.334695,482.8591,493.8561
2020,6.1,6.859808,3.469117,7.717284,3.490632,1.673813,1.259101,441.253,454.1625
2021,6.1,1390.826,656.0476,27.6536,11.37704,3.321013,2.865,562.5548,577.8
2022,6.1,2220.647,945.5046,117.6886,45.10907,2.997153,2.475111,492.241,505.8438
2023,6.1,2474.247,984.6865,111.4719,37.84975,3.40797,2.848136,523.7543,541.7899
2002,6.2,2708.336,2074.838,993.386,943.9421,18.93682,17.96594,473.9081,477.5432
2003,6.2,4173.549,3060.918,803.0261,736.6351,20.70528,19.57599,499.1286,498.7077
2004,6.2,1089.209,837.5755,379.8619,344.6369,15.00357,14.04717,521.131,516.5878
2005,6.2,950.2977,699.7478,468.1817,434.1073,18.42445,17.30956,534.9998,536.248
2006,6.2,3418.542,2362.426,786.091,751.3431,21.8892,20.54232,558.1005,567.569
2007,6.2,5185.799,3557.248,1288.572,1147.345,20.16102,18.78831,536.311,533.8663
2008,6.2,2411.222,1614.555,602.5912,539.0861,19.73538,18.27456,521.4906,520.9919
2009,6.2,1416.336,963.7406,243.3088,219.5739,18.2277,16.82532,529.4645,529.7227
2010,6.2,2074.019,1366.777,508.912,466.2817,17.95376,16.43434,522.2816,526.6601
2011,6.2,854.4749,544.1394,829.608,792.3226,19.39944,17.75442,524.3644,537.5242
2012,6.2,3711.155,2200.051,2296.964,2102.226,23.22933,21.32397,651.9405,661.079
2013,6.2,2399.646,1472.916,1703.59,1580.204,18.10343,16.32471,595.4491,605.2795
2014,6.2,3717.372,2209.986,854.2605,809.4885,18.23064,16.33503,479.5659,494.5845
2015,6.2,5517.429,3333.401,1680.01,1534.764,19.53172,17.69547,562.3577,570.2932
2016,6.2,1848.933,1082.251,615.2391,550.6955,19.99625,18.04494,493.7217,499.6079
2017,6.2,12643.27,6642.345,746.0042,657.4058,24.73203,22.38677,550.0258,558.2708
2018,6.2,10800.12,5638.42,1949.471,1726.707,23.41839,21.05009,623.4329,632.8524
2019,6.2,632.1743,360.0801,768.0841,702.0662,17.63937,15.58824,546.0916,556.8791
2020,6.2,11867.25,5618.479,1633.92,1407.653,23.42026,20.69587,601.0118,610.2112
2021,6.2,16059.24,8005.821,982.6675,884.6328,22.75578,20.21886,574.121,588.5102
2022,6.2,5014.304,2466.325,705.4884,609.0144,21.93922,19.35395,484.1732,491.9351
2023,6.2,7021.653,3780.149,434.0973,428.8747,17.97596,15.71785,535.8525,562.7311
2002,7.1,504.4102,427.0625,51.01983,48.86491,2.647791,2.495727,1300.401,1310.27
2003,7.1,149.6296,136.6709,62.81012,58.05569,2.828586,2.672424,1142.431,1133.713
2004,7.1,148.7722,128.0886,42.65943,39.06055,2.996627,2.794315,1187.985,1184.277
2005,7.1,178.1407,150.6769,44.80312,42.0527,2.453914,2.274445,1084.356,1089.194
2006,7.1,27.22486,22.31972,68.59808,63.68745,3.365728,3.153978,1231.909,1237.877
2007,7.1,66.45439,59.56483,16.72078,15.84096,1.701253,1.567137,1178.578,1178.517
2008,7.1,78.2447,66.27471,25.93865,24.48486,2.148405,1.977278,1264.225,1270.335
2009,7.1,171.2809,131.8215,20.15068,18.36301,3.197211,2.924753,1226.927,1236.071
2010,7.1,109.3282,86.99458,5.144856,4.826359,2.592706,2.377759,1046.227,1058.585
2011,7.1,26.36738,21.06971,0.428738,0.4169878,1.869287,1.704744,1157.781,1178.822
2012,7.1,84.24702,68.86553,10.28971,9.631659,2.681196,2.478657,1223.521,1231.947
2013,7.1,54.44973,42.28396,30.01166,28.10015,2.489207,2.257867,1277.81,1292.736
2014,7.1,375.36,256.5159,9.217867,8.673435,2.832698,2.535191,1156.498,1188.715
2015,7.1,289.6125,193.8491,18.86447,17.60197,3.728654,3.408178,1204.416,1237.096
2016,7.1,54.44973,39.72721,7.502915,7.146852,2.5416,2.297626,1233.796,1260.931
2017,7.1,305.9047,209.3498,6.216701,5.890094,3.475764,3.188256,1307.11,1340.91
2018,7.1,495.6212,330.8979,36.22836,33.19598,4.005513,3.659477,1229.516,1257.886
2019,7.1,467.9675,307.4751,50.80545,46.61074,2.978402,2.62491,1134.579,1165.273
2020,7.1,811.601,570.4756,2.572428,2.450168,2.631006,2.365715,993.2657,1025.059
2021,7.1,50.59108,34.72144,2.786797,2.529153,3.505384,3.162287,1282.297,1304.761
2022,7.1,170.209,101.9614,53.37788,48.28004,3.872164,3.447206,1239.059,1277.722
2023,7.1,363.5698,210.182,25.29554,23.9491,3.765323,3.380849,1320.032,1374.808
2002,8.1,0.214369,0.2239337,10.71845,11.07068,10.42085,9.829445,599.842,607.598
2003,8.1,0.214369,0.224775,11.57592,11.99005,8.558333,7.916614,689.3087,697.7433
2004,8.1,5.144856,5.374191,36.22837,37.49486,6.656377,6.091784,652.1339,660.5537
2005,8.1,0.214369,0.2262126,26.79612,27.80353,10.33453,9.56856,685.5623,694.1621
2006,8.1,22.72311,23.71773,18.86447,19.31225,8.478947,7.792908,656.8812,661.7944
2007,8.1,0.428738,0.4519046,17.79263,18.35555,11.87946,11.06649,706.6302,713.4257
2008,8.1,12.21903,12.76087,10.93282,11.10912,8.970059,8.176142,653.9182,656.3623
2009,8.1,20.57942,21.36323,59.80896,60.36817,7.952524,7.211445,772.7857,773.4318
2010,8.1,121.5472,127.8706,28.72544,29.38824,9.80506,8.929576,726.2953,730.4937
2011,8.1,0,0,2.358059,2.407013,8.986917,8.00762,668.7847,672.0366
2012,8.1,10.93282,11.64884,26.15302,26.49656,13.97847,12.68574,808.6089,808.8104
2013,8.1,15.64894,16.38172,31.51224,31.83641,8.268117,7.346022,585.0879,585.5007
2014,8.1,0,0,13.07651,13.10092,7.439199,6.635226,740.2355,738.5436
2015,8.1,33.8703,35.59303,8.360391,8.393584,9.757898,8.667218,775.4753,773.5965
2016,8.1,5.144856,5.430965,23.36622,23.60834,11.84834,10.73497,636.9553,636.8582
2017,8.1,10.50408,10.93239,10.28971,10.23722,8.935038,7.950357,674.4988,670.2759
2018,8.1,6.43107,6.669755,40.51574,40.15409,9.072013,8.119237,801.3761,796.1221
2019,8.1,0,0,18.22136,17.98847,7.677588,6.697045,785.9151,779.4511
2020,8.1,2.358059,2.475284,64.73943,63.85215,11.97325,10.68101,834.8082,827.2059
2021,8.1,1.286214,1.335426,18.43573,18.07942,9.51464,8.401772,668.9871,660.2214
2022,8.1,0.857476,0.906845,12.86214,12.89589,10.87406,9.619775,684.9985,682.2751
2023,8.1,1.500583,1.573053,13.29088,13.03144,11.68354,10.34691,736.5656,727.1209
2002,8.2,0,0,6.216701,6.028882,14.93113,13.72107,606.2379,606.1919
2003,8.2,0,0,31.29787,31.0346,9.233769,8.353036,668.1075,660.3487
2004,8.2,0,0,23.15185,22.7183,10.19765,9.218789,648.7609,645.433
2005,8.2,0,0,35.79962,34.91252,15.9434,14.60783,733.9317,729.0009
2006,8.2,0,0,16.07767,15.8397,9.816979,8.822003,595.2216,589.4441
2007,8.2,0,0,55.95032,55.01862,17.51996,16.06679,711.9589,700.7458
2008,8.2,0,0,64.09633,62.8603,15.27674,13.82201,632.3358,622.5919
2009,8.2,0,0,16.93515,16.88519,11.77252,10.46823,775.6972,758.8887
2010,8.2,0,0,40.08699,39.48734,17.68443,15.86469,734.9764,717.6195
2011,8.2,0,0,67.95498,67.0356,12.14489,10.73585,692.1898,679.8363
2012,8.2,0,0,19.72195,19.61525,24.47362,22.48319,790.1394,764.9989
2013,8.2,0,0,121.976,120.1745,12.27099,10.75418,479.7059,466.5275
2014,8.2,0,0,30.01166,30.28035,9.548583,8.264464,730.9248,707.7972
2015,8.2,0,0,59.16584,58.64948,14.60271,12.88735,698.9379,679.5483
2016,8.2,0,0,33.65593,33.5215,12.21502,10.79568,719.1064,701.2534
2017,8.2,0,0,13.93398,13.96923,11.90697,10.43544,697.6782,675.4534
2018,8.2,0,0,12.4334,12.73278,9.285314,8.103336,817.626,787.6618
2019,8.2,0,0,20.79379,20.96,11.26656,9.642575,855.7159,828.3098
2020,8.2,0,0,51.2342,51.7904,13.97874,12.07279,869.2574,836.2836
2021,8.2,0,0,34.72778,35.24973,10.51933,8.952485,742.9214,712.4517
2022,8.2,0,0,20.36505,20.12047,14.1835,12.11265,719.9474,697.3743
2023,8.2,0,0,30.01166,30.19924,16.97676,15.02409,714.3123,683.2189
2002,8.3,284.039,278.1986,247.8106,242.8329,15.20721,14.35918,781.9234,762.4987
2003,8.3,699.0573,687.8677,521.7742,513.512,10.53729,9.900052,720.4998,698.9474
2004,8.3,907.4238,890.4661,666.6876,654.2668,13.66471,12.93521,909.8857,880.0125
2005,8.3,753.9358,736.5267,565.5054,552.6348,19.29974,18.36802,834.2072,805.765
2006,8.3,949.8691,924.9182,521.1311,507.7264,18.88338,17.80321,808.9729,782.1594
2007,8.3,899.7066,874.3586,679.3354,660.6945,21.83123,20.65515,672.1328,648.3033
2008,8.3,1267.135,1232.814,629.1729,612.5635,17.30325,16.17528,611.3351,587.8162
2009,8.3,1084.278,1055.784,419.5201,408.6575,14.74291,13.67955,808.0266,775.9706
2010,8.3,1006.034,975.7559,637.5334,618.709,20.66228,19.42822,805.0021,772.4193
2011,8.3,1380.107,1335.158,931.6475,902.026,20.87097,19.51623,717.8542,687.8517
2012,8.3,597.6608,578.0338,376.4321,364.3161,19.35863,18.00655,710.567,676.0586
2013,8.3,1171.526,1135.794,758.6519,736.0439,15.00281,13.73841,705.6168,676.6712
2014,8.3,990.5989,960.1092,577.5103,559.8788,13.87268,12.64667,918.2596,873.9073
2015,8.3,1117.505,1078.735,700.129,676.2105,18.06876,16.65642,768.0336,726.2758
2016,8.3,876.7693,848.1109,547.9273,530.2216,18.6676,17.35246,808.0597,764.5018
2017,8.3,904.6372,875.8523,519.4161,503.0587,13.22467,11.94885,849.7783,806.2282
2018,8.3,774.5151,750.3182,517.2724,501.2406,12.85114,11.60694,939.8022,894.6227
2019,8.3,801.7401,770.8265,627.458,603.5308,17.04364,15.48918,921.9787,869.955
2020,8.3,583.5124,563.7477,634.532,613.1082,12.5552,11.22202,942.4682,888.0932
2021,8.3,1006.677,973.606,435.8123,421.4494,12.62657,11.3575,1017.023,957.2935
2022,8.3,1176.028,1127.607,720.0654,690.7916,16.75222,15.08261,1003.306,949.9281
2023,8.3,841.8269,802.9536,503.7672,480.9936,20.77911,18.85806,859.8618,813.0123
2002,8.4,110.4001,107.6253,99.03848,92.73426,12.40801,11.57545,746.4567,732.1223
2003,8.4,475.4702,463.1073,196.7908,186.1205,7.742934,7.103942,783.2318,764.9331
2004,8.4,544.7115,528.6538,580.5112,546.1921,8.534482,7.851701,916.0925,894.6404
2005,8.4,443.1006,428.0781,282.9671,260.3373,15.60949,14.58556,828.985,807.9424
2006,8.4,328.8421,317.4305,297.7586,272.4477,13.91135,12.79989,746.6865,726.1177
2007,8.4,389.0797,375.1516,427.023,388.7484,17.40553,16.21836,706.2949,685.6863
2008,8.4,533.35,515.0217,209.2242,192.1317,13.10782,12.05673,649.4689,628.3358
2009,8.4,502.0521,481.3388,127.1208,116.9271,9.603107,8.681757,875.6241,844.7972
2010,8.4,710.2046,679.6408,657.6841,594.7355,15.67921,14.47626,851.2307,822.793
2011,8.4,393.7958,377.1566,748.5765,671.7625,14.25789,12.90511,726.1023,700.8691
2012,8.4,260.6727,246.2124,147.0571,129.1072,17.89892,16.34454,840.218,803.2244
2013,8.4,409.0159,392.9653,150.2727,136.8768,10.44416,9.316697,655.9772,630.6053
2014,8.4,357.5674,340.3514,103.3259,93.23387,10.54388,9.376628,902.6749,867.9409
2015,8.4,166.3504,158.2953,1004.533,900.4292,12.60019,11.31719,756.4773,723.2341
2016,8.4,981.8101,928.9412,276.9647,247.0145,14.55007,13.25599,858.4846,819.2853
2017,8.4,466.2525,443.8495,448.2456,403.1078,10.3503,9.120892,795.9713,762.3149
2018,8.4,383.5062,362.094,139.1255,124.8857,9.413744,8.265854,958.4676,914.7449
2019,8.4,387.7936,363.0977,463.4658,407.213,12.3234,10.90521,995.2392,946.7717
2020,8.4,217.3702,202.9632,256.5997,225.346,10.55577,9.167623,1033.013,981.1041
2021,8.4,660.2564,614.1649,425.0937,370.5236,11.24056,9.769646,1022.073,967.3915
2022,8.4,687.267,642.4959,465.3951,400.2487,13.9797,12.19658,913.5821,869.1153
2023,8.4,613.7385,572.4529,437.5271,377.5753,14.46704,12.77774,906.1519,857.7876
2002,8.5,633.889,604.3018,679.3349,631.7735,14.59809,13.99937,768.3105,749.3528
2003,8.5,319.4099,308.7097,2254.09,2095.405,10.19584,9.725828,795.8384,771.2896
2004,8.5,542.7822,515.5358,2719.913,2468.226,16.13532,15.45182,933.0606,902.8266
2005,8.5,438.5991,414.7676,1671.863,1522.695,15.94176,15.22447,831.7206,805.0874
2006,8.5,534.4219,497.2548,2207.785,1963.06,21.66678,20.74758,864.6143,831.8586
2007,8.5,2378.209,2194.872,2404.577,2165.795,22.43085,21.46103,642.7366,619.8646
2008,8.5,629.3875,586.0291,2137.044,1936.127,17.61095,16.73652,624.2181,600.92
2009,8.5,462.3939,434.7032,970.8768,873.8859,15.95228,15.15545,813.7957,783.3463
2010,8.5,382.6487,353.1999,3998.409,3544.629,20.09815,19.09738,821.8619,790.694
2011,8.5,1860.508,1704.969,2979.727,2613.298,20.92384,19.83306,787.6353,753.7114
2012,8.5,529.4914,488.2292,1347.952,1191.939,17.59924,16.58341,706.4875,674.4104
2013,8.5,608.1648,562.4783,1810.774,1601.521,14.61042,13.62369,834.4983,801.3373
2014,8.5,428.738,401.6461,1603.052,1402.885,12.45808,11.57083,914.404,870.7323
2015,8.5,266.0319,244.4731,5165.219,4422.293,16.4278,15.31444,845.0289,797.5172
2016,8.5,403.2281,371.1654,2665.034,2306.047,16.87115,15.79499,797.4297,754.7754
2017,8.5,923.9302,853.7701,1932.107,1647.398,16.3518,15.28232,937.2238,885.4025
2018,8.5,504.4102,467.4973,1304.006,1132.475,13.47555,12.47154,972.9482,929.5011
2019,8.5,435.8121,402.0044,3498.714,2975.564,14.40795,13.31655,971.4128,918.9634
2020,8.5,407.3011,375.3649,1942.182,1653.568,14.30464,13.20689,960.8499,909.3186
2021,8.5,583.2979,538.2704,2665.248,2260.919,13.74334,12.6506,969.3315,915.3902
2022,8.5,534.6364,486.9163,2922.062,2450.893,14.67562,13.4357,1050.762,996.1019
2023,8.5,730.3551,651.9633,2818.736,2358.073,17.59411,16.15967,872.0891,823.9273
2002,9.2,1.286214,1.383923,1016.109,1044.357,12.25034,11.34616,549.6555,550.8366
2003,9.2,19.93632,22.59591,1289.215,1390.124,16.16368,14.40564,512.442,519.2175
2004,9.2,16.29204,17.46827,540.6385,562.6232,8.465581,7.502483,471.2809,474.7031
2005,9.2,6.43107,7.002446,1378.178,1471.161,11.97987,10.6803,590.2861,597.2416
2006,9.2,7.931653,8.68431,1281.497,1372.94,16.11264,14.73307,518.0988,525.4045
2007,9.2,45.01749,49.80035,910.8538,970.8745,13.21575,11.77553,440.0201,445.993
2008,9.2,17.57826,19.27561,981.1666,1048.115,11.4276,10.05518,572.384,579.1312
2009,9.2,9.432237,10.3737,2983.586,3110.266,10.65203,9.432885,550.8191,553.3484
2010,9.2,9.646605,10.77873,1798.556,1918.531,10.275,8.733489,526.3393,531.9751
2011,9.2,6.002332,7.126847,1181.173,1325.693,16.31386,13.81319,650.3326,661.6431
2012,9.2,1.929321,2.408738,918.3564,1010.094,22.90654,20.07593,581.7008,587.3023
2013,9.2,12.00466,14.00031,480.4009,519.5588,13.49361,11.44012,474.138,480.0884
2014,9.2,18.22136,20.75887,1044.62,1095.384,9.142097,7.542286,571.2577,573.1312
2015,9.2,18.007,20.88608,1098.427,1221.298,13.11993,10.91289,580.5487,591.3766
2016,9.2,7.288546,7.947359,1007.963,1083.236,11.36667,10.00349,547.9529,555.9672
2017,9.2,37.94332,43.28854,1068.415,1199.675,15.97997,13.85784,579.2422,592.4815
2018,9.2,10.71845,12.31765,1580.757,1696.751,14.35557,12.49898,503.5848,508.9575
2019,9.2,26.58175,30.37667,806.8851,875.3198,11.30198,9.420311,532.2486,539.6526
2020,9.2,11.57593,15.04018,3125.713,3412.285,17.90643,14.75028,618.0071,620.5055
2021,9.2,5.573594,6.932176,787.1628,875.1661,20.56694,17.69263,496.1627,503.7394
2022,9.2,11.79029,15.8061,411.1596,462.2593,19.61681,15.9423,470.9882,476.9482
2023,9.2,0,0,685.3376,755.4417,18.71605,16.0175,552.1318,558.817
2002,9.3,0,0,726.2823,706.2563,24.82048,24.14947,332.8915,342.3337
2003,9.3,0.857476,0.857476,1165.953,1066.709,33.84542,32.38289,355.2984,369.7598
2004,9.3,0.214369,0.214369,198.5057,180.2698,20.07081,18.78198,332.2066,341.0265
2005,9.3,0,0,309.5489,282.8281,25.62048,24.19996,338.8714,352.0718
2006,9.3,215.8696,215.8696,3042.539,2840.797,33.14241,31.86806,395.609,410.1549
2007,9.3,60.45206,60.45206,597.0177,520.5914,28.66688,26.9214,300.0751,310.606
2008,9.3,19.72195,19.72195,455.9628,406.58,24.78834,23.10909,388.4261,402.3034
2009,9.3,5.359225,5.359225,282.9672,257.1536,21.3695,19.69709,379.5306,397.3928
2010,9.3,0,0,595.7314,512.6049,20.08177,18.04043,379.5626,394.0436
2011,9.3,0.643107,0.643107,797.4528,661.2307,28.77934,26.0386,460.9273,483.5265
2012,9.3,0,0,4758.133,3938.41,37.30006,34.55438,501.5485,523.8782
2013,9.3,2.572428,2.572428,222.5151,187.0919,21.35186,19.01387,330.5423,346.8503
2014,9.3,0.214369,0.214369,248.2393,222.7878,18.53184,16.61266,392.3225,413.1695
2015,9.3,0,0,602.8055,505.5947,26.24682,23.53974,435.5509,459.8732
2016,9.3,0,0,729.0687,614.8397,25.04881,22.62459,347.1668,366.1253
2017,9.3,0,0,2777.364,2341.09,37.01956,34.51621,388.3599,409.0472
2018,9.3,0,0,397.6547,327.0018,24.51087,22.04504,272.6212,287.0382
2019,9.3,0.428738,0.428738,174.4964,148.3166,20.66367,18.27875,378.1319,397.8948
2020,9.3,0,0,1090.067,746.9784,38.96352,34.45885,419.3296,441.1693
2021,9.3,24.43806,24.43806,1637.35,1221.045,37.25705,33.72803,284.5154,302.2199
2022,9.3,0,0,498.6224,337.4939,35.49399,31.08585,266.1324,283.0398
2023,9.3,0,0,296.258,226.052,28.98249,25.55633,338.2292,358.553
2002,9.4,0,0,1058.34,957.2949,28.91026,27.07756,453.2696,442.1373
2003,9.4,0,0,5071.11,4617.703,31.31161,29.09927,362.7223,354.7623
2004,9.4,0,0,3136.647,2861.473,24.84516,23.10861,380.9559,371.0583
2005,9.4,0,0,5092.119,4499.28,29.32229,26.74566,514.7194,502.5187
2006,9.4,0,0,6950.057,6202.582,35.16389,32.57782,443.4556,433.2933
2007,9.4,0,0,3216.818,2924.33,27.067,24.88098,345.1071,336.6875
2008,9.4,0,0,7801.744,6633.287,32.22485,29.4203,574.6703,555.9017
2009,9.4,0,0,7775.376,6846.523,27.34622,24.48056,433.1157,421.6285
2010,9.4,0.428738,0.428738,3669.353,3189.937,33.70642,30.47655,407.8185,395.5446
2011,9.4,0.428738,0.428738,14116.41,11954.37,47.37085,43.61499,474.7877,459.8318
2012,9.4,0,0,1748.822,1538.089,40.47575,36.94936,264.2166,255.6953
2013,9.4,31.0835,31.0835,995.5294,856.984,32.9263,29.418,331.3897,318.5023
2014,9.4,0.214369,0.214369,5912.726,5117.116,30.74113,27.26131,399.1877,387.227
2015,9.4,0,0,2637.596,2322.26,28.29003,25.11073,347.6172,337.6286
2016,9.4,0.428738,0.428738,8066.488,6642.438,29.10141,25.50641,547.6238,526.3048
2017,9.4,0,0,6803.211,5730.653,26.82175,23.08754,466.9401,450.8177
2018,9.4,0,0,5565.232,4614.039,30.90533,27.04143,517.7891,499.1301
2019,9.4,0,0,4874.321,4255,29.27442,25.43159,355.9783,347.4977
2020,9.4,0,0,6503.955,5202.95,34.46264,29.75264,511.7199,490.0307
2021,9.4,0,0,3357.661,2698.33,37.21614,31.69387,365.8313,348.9898
2022,9.4,2.786797,2.786797,6009.19,4735.084,41.10179,35.97211,473.2993,450.6309
2023,9.4,0,0,3516.509,2897.947,41.09,35.62089,343.4434,331.3593
2002,9.5,43.94564,41.7436,145.771,139.3156,25.99792,25.0163,610.1716,589.778
2003,9.5,24.8668,23.76985,300.9741,290.3385,18.93674,18.10577,444.7798,428.9642
2004,9.5,28.72545,27.3723,425.308,407.4502,16.09639,15.17195,542.1381,522.7864
2005,9.5,107.6132,101.378,510.627,475.146,28.6178,27.32111,741.1993,706.8036
2006,9.5,3.001166,2.80866,315.7656,301.9963,24.56469,23.41055,480.6978,462.0259
2007,9.5,17.57826,17.02909,428.9523,412.6011,16.48979,15.79566,491.3732,472.7692
2008,9.5,4.716118,4.467952,997.0302,928.6415,23.77115,22.54963,823.7448,789.3743
2009,9.5,9.003498,8.168769,432.8109,407.1928,29.07801,27.41987,622.2731,597.3088
2010,9.5,72.88546,69.54383,383.9348,369.1166,20.95084,20.07076,343.6216,326.1016
2011,9.5,89.60625,81.01894,676.3342,629.0367,35.33028,33.53806,656.0888,625.0972
2012,9.5,10.28971,9.2658,246.9531,235.7156,22.69354,21.06205,322.5701,306.2446
2013,9.5,36.6571,33.66743,278.251,258.1168,24.66385,23.03811,669.6963,635.8627
2014,9.5,69.24119,63.57447,222.3006,207.4215,19.00053,17.41825,559.4254,528.8371
2015,9.5,19.07884,17.44223,216.2984,202.1808,21.02139,19.40199,553.1589,523.9384
2016,9.5,19.07884,17.84132,505.2676,459.4549,19.01125,17.44013,770.1223,723.68
2017,9.5,24.43807,22.6487,671.8323,611.649,19.62431,17.95537,802.5566,757.5773
2018,9.5,7.717284,6.984035,252.7411,231.158,21.02707,19.11023,836.6223,796.3001
2019,9.5,0.214369,0.1936931,441.3857,408.3203,18.52104,16.67727,567.0157,533.1226
2020,9.5,2.358059,2.21708,495.4067,457.4398,18.96468,17.58215,650.3964,611.9184
2021,9.5,2.14369,2.017884,588.2285,544.4983,15.453,14.10452,661.8642,624.6517
2022,9.5,10.07534,8.790841,1254.488,1126.114,27.73635,25.23085,888.059,840.6918
2023,9.5,27.01049,22.10969,480.4009,445.3577,35.51429,32.50472,460.7671,436.8747
2002,9.6,0,0,49.73361,46.14873,42.29617,40.52611,323.5661,315.1768
2003,9.6,0,0,44.16001,40.93378,31.73191,30.08222,297.4386,288.0366
2004,9.6,0,0,230.4467,211.0415,28.58733,26.98334,399.7014,386.8972
2005,9.6,2.358059,2.358059,315.7655,277.662,42.15059,40.15751,501.7305,480.8447
2006,9.6,0,0,141.0548,127.7963,43.11166,40.92838,365.3672,353.3601
2007,9.6,0,0,74.60043,70.90531,28.27978,27.4031,209.4561,201.7555
2008,9.6,0,0,631.7454,543.7654,41.24024,38.89365,663.4005,639.1805
2009,9.6,0,0,230.6611,205.5796,50.95781,48.16689,484.1783,471.6837
2010,9.6,0,0,143.6272,134.7583,35.9817,34.83274,206.9565,197.5968
2011,9.6,0,0,515.3431,433.6854,53.00924,50.03392,601.2083,575.0474
2012,9.6,0,0,74.17168,66.91583,45.56214,42.51057,158.3696,150.6189
2013,9.6,0,0,48.87613,42.66962,41.83423,38.63096,339.1469,323.8577
2014,9.6,0,0,56.37905,49.60593,37.80363,34.59137,312.1314,298.9129
2015,9.6,0,0,102.0397,90.74924,39.35162,36.54564,283.4189,270.4637
2016,9.6,0,0,134.195,111.4818,34.65905,31.66933,556.6559,527.252
2017,9.6,0,0,172.9958,146.1511,39.66434,36.24541,490.8164,468.3907
2018,9.6,0,0,111.4719,96.19304,41.45241,37.82885,323.2246,307.5294
2019,9.6,0,0,96.89479,84.55248,39.39668,36.09539,274.2357,259.434
2020,9.6,0,0,69.45557,60.7492,35.88955,33.14498,300.0295,282.3965
2021,9.6,0,0,140.8404,121.325,32.85477,29.95825,392.5985,371.9761
2022,9.6,0,0,356.4957,296.4361,49.93729,45.42951,443.187,423.3777
2023,9.6,0,0,139.3399,121.2822,49.617,45.23408,248.6362,239.8418
2002,10.1,96.46606,111.6705,2232.01,1951.544,48.99398,47.32448,206.4829,202.4461
2003,10.1,710.4189,840.7226,1649.14,1445.002,46.09394,44.21597,164.7137,161.823
2004,10.1,78.24471,91.90598,1211.828,1049.205,42.85985,41.03104,225.78,221.6196
2005,10.1,83.81828,98.08934,5063.823,4427.856,45.70736,43.93322,221.7978,218.2491
2006,10.1,176.2113,213.0591,8814.846,7692.89,47.64147,45.54872,290.5877,288.3368
2007,10.1,192.5034,234.1341,8787.193,7266.797,46.68714,44.43402,243.0432,236.8308
2008,10.1,26.58175,33.5932,1632.42,1363.968,48.89003,46.28726,201.1597,197.4572
2009,10.1,451.0323,541.0656,1369.389,1183.384,43.30023,41.26456,215.7668,212.3936
2010,10.1,81.46022,103.5079,2967.723,2551.794,47.35882,44.75877,253.7471,252.5343
2011,10.1,38.37205,49.66094,3419.399,2884.938,46.85507,44.04155,266.0388,264.1533
2012,10.1,31.72661,43.05166,10862.72,9002.236,51.29219,47.98763,264.4685,263.2805
2013,10.1,34.72778,47.4122,1762.327,1438.374,47.56104,44.16837,200.242,198.1278
2014,10.1,18.007,25.40444,2860.324,2335.896,46.36985,42.6618,180.0843,179.4725
2015,10.1,71.81362,92.74282,2322.688,1900.542,42.01802,39.16618,226.2612,221.8789
2016,10.1,21.65127,29.14283,3127.641,2614.234,49.65349,46.44348,234.823,233.9467
2017,10.1,567.8634,780.1851,6407.485,5030.497,47.14902,43.62083,240.9558,236.0762
2018,10.1,322.4109,437.7656,8157.162,6198.313,50.65313,47.17584,302.0201,294.0544
2019,10.1,61.09517,81.81638,1830.067,1497.882,46.61372,43.41253,228.1853,225.436
2020,10.1,209.6529,289.0588,5049.243,3863.552,53.7253,50.11369,315.1039,308.3647
2021,10.1,3226.896,4658.763,1508.943,1188.087,47.31511,43.3144,197.6745,195.2215
2022,10.1,108.2563,167.2175,1359.314,986.6851,48.69504,43.88648,200.1261,194.2933
2023,10.1,606.8786,858.2401,1042.691,877.4606,41.96494,38.29153,201.2558,203.1042
2002,10.2,0,0,759.7238,646.0565,55.51985,53.23381,144.6071,142.3942
2003,10.2,0,0,568.9351,473.5755,57.17688,54.56142,115.123,112.8716
2004,10.2,0,0,460.2502,397.2128,51.09937,49.09326,160.4552,157.7895
2005,10.2,0,0,4067.649,3388.93,53.72409,51.34019,187.7535,183.5145
2006,10.2,0,0,1145.159,957.4656,57.54511,55.03893,212.6311,210.0147
2007,10.2,0,0,791.45,661.0682,52.02055,49.39495,131.6519,129.9846
2008,10.2,0,0,1491.151,1172.299,63.00339,59.76328,187.8562,183.169
2009,10.2,0,0,1027.47,818.861,58.50019,55.11628,198.5181,197.0904
2010,10.2,0,0,809.0284,660.6901,55.98372,53.13626,105.1728,102.3193
2011,10.2,0.214369,0.214369,9485.184,7389.286,66.06953,62.79926,229.955,224.2434
2012,10.2,0,0,1138.942,921.9984,55.33443,52.18899,68.33855,66.95947
2013,10.2,7.931653,7.931653,779.8743,598.591,59.76506,55.96864,135.1095,132.0893
2014,10.2,0,0,308.2626,235.7439,60.76752,56.88327,151.0201,148.282
2015,10.2,0,0,267.9614,216.7041,47.18755,44.20085,123.2453,120.273
2016,10.2,0,0,655.9691,492.8259,53.45649,49.83021,188.802,181.1746
2017,10.2,0,0,781.5891,592.4344,56.85935,52.97474,173.2437,169.2423
2018,10.2,0.214369,0.214369,613.3098,465.0739,57.86299,53.91581,167.1243,163.7539
2019,10.2,0.214369,0.214369,597.0176,456.9051,55.55529,51.77588,126.4165,122.8249
2020,10.2,0,0,1510.229,1156.984,58.29774,54.67782,131.2462,126.3431
2021,10.2,15.2202,15.2202,596.5889,431.2686,59.18074,54.83609,132.5235,125.9673
2022,10.2,0,0,739.5731,529.6049,62.13075,57.34245,163.8025,159.9549
2023,10.2,0,0,1183.317,900.3935,58.6426,54.44492,134.9714,134.3798
2002,11.1,50.37671,44.47845,854.9037,864.7225,36.99906,36.52648,332.5776,326.4263
2003,11.1,305.4758,266.8641,2565.139,2633.488,34.38948,33.81308,134.5156,131.8043
2004,11.1,87.24818,75.51807,893.2754,912.6259,38.80487,38.21948,280.1111,275.3137
2005,11.1,9.003498,7.713759,987.1694,1012.965,37.60579,36.96594,211.6146,207.2892
2006,11.1,126.9064,107.0517,1705.734,1747.756,40.05053,39.36491,431.4965,425.5822
2007,11.1,182.6424,145.6824,1853.005,1899.646,41.33838,40.46146,408.9762,398.9829
2008,11.1,503.5528,400.0833,941.9375,988.537,42.22227,41.22503,164.0873,160.4777
2009,11.1,43.30254,35.73355,1277.425,1321.764,40.7341,39.92954,278.3026,273.5168
2010,11.1,1.500583,1.223945,457.2491,474.1382,38.12142,37.2677,247.0416,241.9883
2011,11.1,1.286214,1.021537,977.7369,1007.984,35.93201,35.01495,412.1032,403.3844
2012,11.1,56.16468,44.0544,661.5427,692.2512,39.9786,38.95131,341.4189,336.0081
2013,11.1,18.22136,13.44882,626.6005,663.3192,40.64264,39.35705,244.7127,238.0054
2014,11.1,4.716118,3.41889,437.9558,475.654,44.80916,43.34578,113.6731,112.9142
2015,11.1,315.5511,237.9244,584.1556,616.364,38.27424,37.07566,204.2734,198.2435
2016,11.1,281.6809,213.6774,738.9299,786.7696,42.65902,41.43948,141.0815,138.0931
2017,11.1,422.95,308.3515,2151.407,2278.491,41.92457,40.5954,314.524,307.0134
2018,11.1,531.8494,379.5229,1251.486,1305.305,42.12468,40.79304,521.0056,507.5176
2019,11.1,92.39304,66.26533,800.0251,853.6951,42.03213,40.61322,255.0536,248.4556
2020,11.1,1282.355,907.1667,2717.126,2832.25,43.95965,42.60147,527.7672,513.4499
2021,11.1,578.1532,401.6362,422.95,454.7312,42.61857,41.05757,208.2059,201.3419
2022,11.1,16.93515,11.88718,228.7317,248.1258,43.17429,41.60742,165.2085,161.6742
2023,11.1,8.360391,6.133433,994.0289,1070.403,36.66085,35.27679,91.75617,89.46043
2002,12.1,62.59575,62.59575,583.0836,498.7294,59.63755,56.02742,289.6297,283.4983
2003,12.1,0.857476,0.857476,556.0731,464.0153,65.19675,60.97905,283.2175,276.8103
2004,12.1,10.71845,10.71845,302.9034,260.7679,50.84045,47.4539,257.4885,250.2111
2005,12.1,0,0,538.9236,457.769,60.20282,56.5331,313.7697,305.4536
2006,12.1,0.857476,0.857476,396.5826,333.6852,61.7214,57.61317,290.4822,285.9598
2007,12.1,0,0,257.6716,215.0241,58.58889,54.33648,316.1317,310.4051
2008,12.1,0,0,821.2475,658.0795,70.62007,65.51224,334.592,325.7247
2009,12.1,0,0,938.936,759.9345,62.71118,57.72179,398.2159,391.8686
2010,12.1,0,0,442.672,361.7881,60.37798,55.69204,221.8697,214.4186
2011,12.1,33.01283,33.01283,2203.07,1788.729,74.13761,69.42986,357.0951,346.9178
2012,12.1,3.429904,3.429904,748.1477,614.7403,62.21042,57.41524,158.6472,155.8333
2013,12.1,0,0,628.3154,495.6078,68.67047,63.0573,237.1293,230.3242
2014,12.1,22.50874,22.50874,469.468,370.8873,67.63598,62.11899,283.1983,275.3109
2015,12.1,0,0,261.3158,215.5442,46.49653,42.01025,252.8317,245.9896
2016,12.1,0.643107,0.643107,687.6959,531.932,57.28528,51.64344,358.9212,343.3122
2017,12.1,59.38021,59.38021,1369.174,1096.393,61.97144,56.75876,338.8429,331.6381
2018,12.1,0,0,1300.362,1028.624,61.78466,56.26207,315.1842,308.0147
2019,12.1,0.214369,0.214369,876.5549,684.9698,63.2103,57.54489,281.5994,271.3116
2020,12.1,0,0,880.6277,702.8289,59.20785,53.89489,205.5195,198.6225
2021,12.1,0,0,315.9799,235.8572,67.19004,60.44396,242.3775,230.7079
2022,12.1,0,0,458.5352,338.8296,68.00661,60.97594,363.5367,352.4492
2023,12.1,0,0,765.0829,596.2343,62.13507,56.11051,321.6307,316.8551
2002,12.2,28.51108,23.08921,528.4196,505.5433,41.23841,38.00357,523.7954,501.2657
2003,12.2,45.87497,35.72761,834.1098,800.8896,56.56847,52.56181,474.2807,452.1813
2004,12.2,24.43806,19.57179,1004.533,964.3682,38.13393,34.64389,466.4727,445.0094
2005,12.2,45.01749,35.17831,1058.983,996.6398,51.21207,47.56032,559.0489,529.227
2006,12.2,101.1822,82.66422,637.7477,616.8005,42.93095,39.69917,437.1136,419.0363
2007,12.2,34.08467,26.62998,561.4323,538.1111,43.84877,39.92682,484.4841,461.7692
2008,12.2,79.5309,59.18669,915.3556,852.4822,53.59087,49.1938,634.1136,598.9825
2009,12.2,62.16702,46.6042,705.0595,657.6207,51.47263,47.18817,656.9522,622.5913
2010,12.2,4.930487,3.957909,269.2474,257.9711,48.46755,45.04932,369.0238,346.8482
2011,12.2,42.65943,31.5853,745.7897,686.5199,53.0599,48.7391,669.5363,629.7378
2012,12.2,27.01049,20.71678,207.2948,197.6365,43.95025,39.76562,416.9773,391.7397
2013,12.2,176.8544,125.9234,358.4249,335.7188,59.58149,54.28739,561.3693,527.3584
2014,12.2,18.00699,13.09431,130.7651,122.4299,48.82879,43.92859,487.6284,453.9821
2015,12.2,7.502915,5.826412,322.8397,294.4833,32.77407,29.46386,571.7909,529.6296
2016,12.2,89.17751,62.79462,494.7636,446.4874,46.19319,41.23879,707.4875,658.6917
2017,12.2,29.58292,21.74525,509.5551,467.6494,47.75592,43.3458,615.0216,573.8682
2018,12.2,59.59458,44.30663,329.485,308.1249,41.34771,36.87216,496.166,462.6214
2019,12.2,85.74759,59.12982,343.4192,310.2116,55.51043,50.15696,636.0466,587.1057
2020,12.2,12.4334,9.65962,216.9414,203.8988,43.75282,40.01355,426.117,395.6318
2021,12.2,66.66876,46.78114,303.9752,283.223,57.03379,51.54792,497.3773,460.9483
2022,12.2,11.7903,8.144163,323.4828,292.7091,52.60151,47.25398,628.3057,580.0819
2023,12.2,61.73828,45.16486,195.2902,184.567,48.01084,43.08376,425.4023,395.5655
2002,13.1,292.1849,225.0893,326.6983,275.1993,58.83674,55.87076,332.9883,329.7534
2003,13.1,230.661,175.3499,153.0595,126.101,52.35727,49.19761,163.4854,163.925
2004,13.1,51.8773,39.77697,359.2824,301.1,52.27763,49.25172,256.8047,254.0905
2005,13.1,18.007,13.8319,1533.596,1291.246,50.01299,47.01867,322.424,318.744
2006,13.1,133.5519,96.7031,93.89362,76.47064,50.61917,46.97111,394.9146,388.9104
2007,13.1,33.8703,25.76324,17.14952,14.10454,44.07195,40.91215,329.3111,330.3586
2008,13.1,86.17634,55.70454,163.3492,121.8618,58.90608,53.92615,310.4182,306.7468
2009,13.1,98.39539,66.98417,214.7978,163.9119,44.72667,40.29937,374.1497,374.3754
2010,13.1,58.30837,38.37409,99.68159,75.43745,50.84931,46.08166,232.2754,228.1118
2011,13.1,1315.583,805.516,871.6244,629.0126,68.84571,63.25716,400.0585,395.018
2012,13.1,274.6067,179.2226,442.6719,328.1863,57.02302,52.11262,174.4573,174.4874
2013,13.1,93.46489,55.26741,271.1767,188.9634,59.49777,53.47465,189.61,187.5838
2014,13.1,151.5589,88.41634,208.1523,142.7352,62.3139,56.11436,289.8976,289.7482
2015,13.1,38.58642,26.42074,121.7616,93.85944,36.10349,31.76195,211.5011,210.0045
2016,13.1,155.2032,100.9523,50.16235,38.19968,45.09777,40.24109,322.3766,314.093
2017,13.1,133.9806,82.68247,255.3135,183.6909,50.59825,45.07309,260.5404,257.9343
2018,13.1,597.2319,335.5307,180.2843,122.8843,61.55765,54.98931,376.1427,370.181
2019,13.1,127.3352,83.16162,510.1982,380.736,47.58372,42.70037,253.869,252.1663
2020,13.1,241.5939,144.4728,1497.153,1092.34,60.32135,54.54837,318.4035,305.5212
2021,13.1,377.2894,196.8223,895.205,590.6626,54.06868,46.70915,221.6263,210.1239
2022,13.1,453.1761,229.2091,186.501,117.3585,63.58049,55.78345,346.0251,341.8485
2023,13.1,145.7709,86.31509,74.38604,51.55913,57.71972,51.69243,322.1211,321.8852
2002,13.2,814.602,544.6256,144.6991,115.0782,46.54301,42.90435,626.3643,607.8282
2003,13.2,573.0083,369.7733,189.0735,148.9711,48.01043,44.01854,526.6787,511.4807
2004,13.2,144.4847,102.2654,129.9076,106.4936,34.15476,31.03775,547.3513,530.4652
2005,13.2,1102.928,745.3886,676.9774,540.6494,49.16198,45.62677,611.5406,592.6022
2006,13.2,1558.677,996.2321,142.1267,112.2926,53.21923,49.11526,568.4957,556.6417
2007,13.2,952.8701,612.473,326.6984,254.9314,48.69044,44.68547,591.7689,572.9841
2008,13.2,1473.358,861.9131,545.3547,405.9946,57.09286,52.21676,629.6204,609.4983
2009,13.2,363.5699,223.6364,206.4373,157.2235,51.19229,46.78762,725.6697,705.1974
2010,13.2,169.5659,111.9434,198.2913,155.6334,44.70535,40.97078,559.2685,537.395
2011,13.2,3428.403,2022.138,1484.291,1102.735,63.95335,59.17203,683.2666,660.4351
2012,13.2,1905.097,1147.773,575.152,441.796,52.12206,47.46726,440.2725,428.2006
2013,13.2,614.8102,340.7781,125.6202,91.62656,57.46133,52.06629,562.6729,544.7747
2014,13.2,146.414,84.47858,72.45673,53.78221,51.60232,46.58648,557.0803,538.5751
2015,13.2,34.29904,22.93079,68.81245,54.76645,27.91543,24.27411,565.496,547.3071
2016,13.2,409.6592,223.394,241.8083,169.5292,41.42817,35.97883,749.3502,716.7716
2017,13.2,1205.397,697.3145,622.3133,460.2424,48.88543,43.90897,667.9055,647.1619
2018,13.2,1102.928,626.8926,408.8017,303.2687,46.25212,41.07614,560.5212,544.9905
2019,13.2,1007.106,551.3748,425.0937,305.9492,55.16731,49.68019,562.8807,541.5054
2020,13.2,164.6354,98.98465,100.1103,76.74595,42.98748,38.31656,442.0374,429.4965
2021,13.2,1371.747,719.8513,138.9111,97.78573,54.47877,48.6027,540.3599,517.9265
2022,13.2,762.9391,379.6831,456.3916,313.0127,55.03749,48.66933,666.6044,643.6257
2023,13.2,916.6418,499.2249,188.4303,136.2405,50.19352,44.63581,644.4083,626.2693
2002,13.3,19.29321,13.13195,8.360392,7.360025,19.40229,17.66845,662.9592,638.2244
2003,13.3,71.59925,47.82407,12.4334,10.88968,22.4616,20.62893,547.8658,523.4573
2004,13.3,7.288546,5.725636,7.074177,6.481355,15.27921,14.28557,630.8815,604.9261
2005,13.3,27.22486,18.12311,16.29204,14.1371,18.36588,16.61967,743.5961,707.688
2006,13.3,97.96664,67.94845,29.15419,25.65746,21.18196,19.61454,726.0578,693.4882
2007,13.3,13.93399,10.4844,43.51691,39.37961,13.36148,12.15007,575.8697,549.7575
2008,13.3,60.02332,34.74379,29.15418,24.22027,26.79139,24.38066,882.875,841.805
2009,13.3,70.09866,42.86814,4.930487,4.148389,22.76453,20.67008,955.7223,910.5801
2010,13.3,10.07534,7.638972,12.64777,11.44473,23.23965,22.09454,531.8855,502.7155
2011,13.3,401.7275,218.6082,126.6921,102.465,27.08974,24.47988,1038.642,984.8162
2012,13.3,16.07768,10.54589,2.572428,2.223399,17.15669,15.3322,610.5895,575.0405
2013,13.3,105.0408,54.5442,18.007,14.47303,26.52167,23.58524,775.6855,731.6499
2014,13.3,21.86564,13.10126,12.64777,10.61299,15.87398,13.63665,706.0881,665.2645
2015,13.3,0,0,17.14952,15.06478,10.88991,9.601727,725.5078,678.7298
2016,13.3,36.44273,21.17891,25.08117,20.65675,19.21483,16.94635,885.7803,831.1896
2017,13.3,31.51224,18.01571,57.45089,47.14957,21.95446,19.58844,827.9633,774.9402
2018,13.3,49.94798,28.38526,30.86913,25.54374,17.59793,15.07785,630.3921,591.0809
2019,13.3,44.58875,24.41897,29.79729,24.23468,20.28107,17.65647,686.1736,637.5772
2020,13.3,36.22836,21.88767,11.79029,9.935005,21.1938,18.97587,526.9381,488.639
2021,13.3,156.0606,69.10356,56.16468,43.04129,27.76897,24.05095,673.6329,626.4119
2022,13.3,182.428,85.81141,33.44157,25.96151,26.16787,22.81023,747.3263,694.231
2023,13.3,23.36622,13.52426,30.86914,25.79745,24.77599,22.29091,473.2106,440.3439
2002,13.4,73.95731,52.85921,70.09867,60.68885,27.23886,25.12146,927.4437,880.7573
2003,13.4,189.0735,127.9873,128.8358,109.2063,36.15487,33.62425,779.1252,737.0809
2004,13.4,35.79962,25.21295,214.1547,184.4027,28.43138,26.19231,793.9278,750.1779
2005,13.4,591.0153,406.7414,320.0529,272.7037,32.92788,30.56333,885.142,834.7176
2006,13.4,192.0746,134.1917,252.7411,216.8911,30.04455,27.75301,805.5094,760.9556
2007,13.4,143.1985,97.3504,116.8311,98.99573,29.51101,27.07881,895.5656,841.7837
2008,13.4,121.3329,78.8775,159.2762,132.3867,35.64742,32.93527,985.6942,925.3427
2009,13.4,234.5197,149.9678,211.1535,174.3399,33.59232,30.76312,946.7983,886.4328
2010,13.4,60.45206,41.57975,158.8475,135.3177,32.88171,30.51266,742.2454,691.8947
2011,13.4,312.55,200.5149,294.9718,243.1357,36.53867,33.82993,1144.355,1067.16
2012,13.4,193.1465,132.195,120.4754,102.2667,27.29546,24.94168,856.4067,797.3579
2013,13.4,343.8478,202.3133,125.4059,99.98245,37.48584,34.10721,963.6881,895.9813
2014,13.4,21.4369,13.12532,43.73128,35.45461,30.81062,27.6939,858.59,794.5297
2015,13.4,24.2237,16.3776,47.16119,39.72598,20.73831,18.38699,955.0395,880.5231
2016,13.4,52.30604,31.8989,289.6125,233.8487,28.20551,25.14044,1009.767,931.9074
2017,13.4,373.4308,231.7247,359.2823,292.0684,34.12575,31.19288,1012.034,932.6519
2018,13.4,133.3375,86.67928,117.4742,97.41365,27.03126,24.39476,952.8168,879.3616
2019,13.4,287.4688,165.4695,208.5811,164.471,35.92795,32.46349,973.8362,894.0013
2020,13.4,108.8994,69.85453,159.2762,131.611,28.88226,26.09039,783.5781,720.5815
2021,13.4,385.2211,219.7485,169.7802,133.7088,37.08369,33.47726,848.6361,782.2717
2022,13.4,127.5496,73.86252,96.03733,75.85571,33.13216,29.73491,1011.825,927.7837
2023,13.4,325.4122,191.4885,160.7768,128.2466,34.35199,30.95954,797.7781,732.6043
2002,13.5,884.2722,721.8657,92.17867,87.26864,31.3792,29.53573,1040.386,976.697
2003,13.5,1092.424,876.157,209.8672,196.8602,36.41515,34.40435,951.0242,886.3997
2004,13.5,352.8513,285.3591,276.536,261.7323,30.52967,28.60441,971.5788,902.6296
2005,13.5,1448.491,1177.859,407.3011,387.4413,32.54599,30.67575,1007.765,936.8673
2006,13.5,512.1274,411.1884,45.44624,43.06293,31.75768,29.77142,1063.885,989.4701
2007,13.5,671.6181,536.2805,118.3317,113.2954,30.94367,28.92503,1188.837,1100.457
2008,13.5,886.8445,701.5983,263.6739,250.2813,33.56736,31.45531,1165.492,1080.527
2009,13.5,666.6875,524.9241,72.24236,68.52991,33.73472,31.58041,1122.358,1035.224
2010,13.5,476.971,376.7881,215.2265,201.7342,30.71225,28.56867,900.4166,827.5969
2011,13.5,634.1035,498.397,159.4906,155.5204,33.51719,31.38882,1460.613,1344.022
2012,13.5,610.9516,488.578,148.129,144.2378,27.14624,25.16592,1281.349,1176.458
2013,13.5,926.2884,711.0658,136.1243,130.0933,32.96442,30.6011,1282.451,1172.629
2014,13.5,76.31537,59.17719,69.88429,66.19428,29.6061,27.31699,1100.858,1006.219
2015,13.5,248.0249,197.8618,49.94798,48.42748,23.28941,21.28149,1152.418,1050.511
2016,13.5,597.2321,471.1673,235.5915,226.0227,25.65732,23.53701,1120.772,1023.158
2017,13.5,1041.19,808.4354,468.6106,451.1399,31.96264,29.70922,1243.545,1132.92
2018,13.5,428.3093,338.6028,71.81362,69.96149,27.42772,25.3483,1262.623,1150.415
2019,13.5,1189.962,915.4666,185.858,176.7117,31.47371,29.12161,1130.649,1027.427
2020,13.5,825.9638,631.1008,183.0711,169.9565,31.0373,28.59018,911.8453,829.1953
2021,13.5,593.8022,450.4117,168.4941,158.0436,32.6684,30.17329,1092.448,994.8469
2022,13.5,558.6456,419.1462,66.66877,63.82188,32.15782,29.59839,1343.957,1218.86
2023,13.5,543.854,416.0045,170.4234,160.8107,31.40919,28.99592,1078.006,979.2182
2002,13.6,302.689,207.33,77.38721,72.39582,20.77129,18.84977,1033.366,974.3856
2003,13.6,407.7298,265.8108,98.18101,90.94656,24.44826,22.28177,978.8737,913.2684
2004,13.6,38.37205,28.13046,97.96664,94.51959,17.2363,15.56149,1001.034,935.065
2005,13.6,111.4719,77.27386,121.3328,114.4317,20.46294,18.57104,931.3737,868.6747
2006,13.6,48.01866,34.20582,49.73361,48.75024,19.26398,17.33465,1329.561,1239.657
2007,13.6,78.67342,53.53489,72.88546,70.49015,19.93423,17.80039,1287.653,1195.619
2008,13.6,89.60624,64.34496,53.80663,52.43683,17.3013,15.45033,1117.432,1035.508
2009,13.6,118.9748,81.2039,42.65943,41.85591,23.05327,20.8627,1372.303,1267.835
2010,13.6,57.45089,40.24606,40.73011,39.32622,17.18784,15.23678,1027.316,946.1199
2011,13.6,73.74293,52.8254,38.37206,39.29024,19.86736,17.74487,1648.64,1519.936
2012,13.6,53.16351,39.17915,27.22486,27.59722,17.13313,15.23295,1363.226,1252.959
2013,13.6,150.2727,99.6161,99.03848,96.44875,21.99543,19.66885,1266.245,1159.407
2014,13.6,29.58292,20.75058,18.86447,18.73542,17.13797,15.04803,1244.763,1137.728
2015,13.6,66.45439,47.20708,52.09167,51.81243,17.95354,15.93168,1193.392,1089.017
2016,13.6,94.53674,65.2629,91.10683,87.89985,17.14535,15.11045,945.9868,860.8126
2017,13.6,66.88313,44.34319,100.3247,96.19872,19.13358,16.88841,1026.526,934.1566
2018,13.6,35.79962,24.73355,52.30604,51.75257,18.61713,16.45597,1178.558,1070.187
2019,13.6,121.976,78.04101,83.81829,79.59123,20.76067,18.35279,980.8685,886.1864
2020,13.6,146.414,93.1524,80.38838,75.35128,19.57404,17.19991,884.4921,800.0776
2021,13.6,30.86913,21.35705,63.66759,64.16953,18.40348,16.1546,1304.205,1179.075
2022,13.6,88.74877,58.82227,114.9018,112.1943,18.13364,15.79232,1115.953,1006.596
2023,13.6,67.52624,42.05075,67.31187,64.78779,20.47968,17.83934,1167.166,1051.243
2002,14.1,4.073011,3.123724,151.3445,140.4088,26.74374,25.37273,608.2859,588.4484
2003,14.1,77.17284,58.62437,119.4035,110.5106,27.09367,25.66995,431.0172,411.004
2004,14.1,1.500583,1.289585,79.95964,76.38342,16.29141,15.54192,416.9016,400.3174
2005,14.1,35.15652,26.45618,228.5173,209.8879,22.19153,20.77597,638.011,608.356
2006,14.1,0.428738,0.3241131,118.3317,108.948,22.58891,21.18407,589.0015,561.7119
2007,14.1,8.360391,6.647419,131.6226,123.1233,14.35006,13.18772,466.1141,445.4742
2008,14.1,11.57593,8.440391,114.473,104.1665,22.56875,20.99443,768.9844,736.2766
2009,14.1,5.787963,4.103626,166.3504,149.7077,22.39242,20.70931,849.2906,808.8404
2010,14.1,2.572428,2.07753,228.303,213.925,21.63631,20.58554,443.0625,418.7264
2011,14.1,53.59225,35.57322,436.884,385.7256,29.60913,27.59127,908.9611,862.6805
2012,14.1,0.214369,0.150275,131.8369,118.5329,18.57448,16.80732,605.5532,568.2736
2013,14.1,103.969,71.44714,295.8292,264.4201,26.31016,24.44295,675.5578,636.3539
2014,14.1,0.857476,0.609489,117.4742,106.1968,16.29515,14.5821,626.1594,592.6678
2015,14.1,0,0,140.6261,128.2721,12.50318,11.09032,595.3875,557.2506
2016,14.1,3.001166,2.101143,228.7317,205.1566,19.26624,17.5157,683.6938,642.6592
2017,14.1,6.216702,3.925666,266.8894,233.6184,23.51051,21.17208,637.4922,597.3544
2018,14.1,4.28738,2.810414,163.1348,144.4704,20.99722,18.83945,582.3438,546.9436
2019,14.1,10.07534,6.402406,278.6797,244.7592,22.98397,20.65997,527.7812,490.9521
2020,14.1,8.146022,5.64149,164.6354,147.9699,22.7119,20.84673,415.0734,382.4252
2021,14.1,32.79846,20.54874,205.5799,179.3495,23.64961,21.28335,583.8703,541.1204
2022,14.1,51.23419,30.06903,253.5985,217.5698,30.93966,28.2161,621.5172,576.9911
2023,14.1,3.858642,2.302636,216.084,187.9088,29.98113,27.2429,374.9219,347.4718
2002,14.2,376.0032,351.9147,72.88546,72.33154,41.30361,40.34076,345.9059,334.4724
2003,14.2,405.3718,383.5049,130.7651,133.8057,37.87722,36.9373,440.7177,424.8627
2004,14.2,28.08234,26.35975,34.72778,34.53795,37.2475,36.31868,339.6294,328.3104
2005,14.2,65.81129,62.51455,23.36622,23.70363,40.54284,39.70339,320.7177,307.5127
2006,14.2,188.216,174.5417,15.2202,14.97958,43.50896,42.445,394.8882,383.4116
2007,14.2,49.0905,45.81363,23.58059,23.65958,35.06688,34.01083,371.2529,356.9065
2008,14.2,111.4719,106.7001,59.59459,62.38065,28.11549,27.24869,349.0353,330.6364
2009,14.2,68.59808,64.34396,19.72195,20.10722,40.42049,39.36799,370.6823,353.9144
2010,14.2,62.59575,58.48021,37.51458,37.20482,28.69362,27.70666,263.1882,251.5413
2011,14.2,113.1868,107.0751,31.94098,34.64013,45.90528,44.70027,564.6765,536.3837
2012,14.2,14.14835,13.15768,5.573594,5.662022,35.37206,34.20683,407.6588,389.9706
2013,14.2,67.74061,64.78319,2.14369,2.350021,33.11125,32.02104,508.1353,479.6844
2014,14.2,48.87613,46.12175,6.002332,6.35056,25.29952,24.1693,476.2529,452.7533
2015,14.2,73.09983,68.93018,12.00466,12.87384,36.30576,35.10319,406.6,380.0695
2016,14.2,10.50408,9.765129,18.6501,18.49487,24.45074,23.3897,235.0824,222.4756
2017,14.2,4.716118,4.450894,9.003498,9.489914,36.18264,35.07146,395.7706,373.103
2018,14.2,14.79146,13.78133,0.214369,0.220073,28.04424,26.85917,375.1235,355.5532
2019,14.2,29.15418,27.15836,13.71962,14.54337,35.77493,34.44153,384.7647,358.3091
2020,14.2,49.0905,45.10874,1.714952,1.730323,36.52591,35.21091,283.4,264.8019
2021,14.2,4.073011,3.767913,0.214369,0.2299458,35.43778,33.9459,503.4471,473.0905
2022,14.2,12.86214,11.9573,3.215535,3.476567,33.61777,32.16403,450.4824,419.4057
2023,14.2,23.79496,21.88864,0.857476,0.9092523,35.99632,34.47173,446.9353,417.9263
2002,14.3,426.1656,270.4136,609.4511,548.6906,47.66802,45.45033,369.7865,361.1968
2003,14.3,292.1849,181.9457,371.7158,332.98,46.81513,44.47392,264.9212,259.2254
2004,14.3,77.60158,47.91188,621.2413,555.5115,44.52419,42.15019,326.6612,319.8983
2005,14.3,412.446,247.5489,559.2888,497.0624,45.11562,42.62287,405.3347,396.0907
2006,14.3,612.4523,353.268,608.5937,535.6211,49.84477,47.13033,462.9989,455.8509
2007,14.3,391.4378,226.5163,564.2192,497.1238,45.79132,43.1101,380.06,371.1943
2008,14.3,588.0142,320.6036,895.4194,778.1589,49.65662,46.68457,397.2571,387.3243
2009,14.3,232.8047,131.6045,493.4775,432.6659,45.82936,43.05712,531.5852,519.9293
2010,14.3,70.5274,41.27963,591.6584,523.011,42.93156,40.33614,351.4623,339.7162
2011,14.3,1040.118,552.2286,908.2813,784.4616,52.81704,49.71269,493.3189,483.1598
2012,14.3,688.5532,366.017,585.8705,505.9489,49.92708,46.81061,392.1141,383.818
2013,14.3,386.293,196.5319,447.6025,382.7347,51.09425,47.77451,413.0653,402.8636
2014,14.3,74.60041,38.19229,351.7796,301.1844,48.658,45.3611,387.4453,378.1457
2015,14.3,22.29438,11.92528,197.6482,171.109,36.32792,33.29019,456.4094,443.3027
2016,14.3,206.8661,109.0035,544.0685,469.7457,41.1504,38.07553,524.4411,507.3698
2017,14.3,342.3473,177.0166,328.6277,282.1689,43.95253,40.73067,438.03,426.2012
2018,14.3,620.5983,296.7254,89.60624,75.48362,47.88301,44.23215,388.7124,380.2293
2019,14.3,534.6363,263.0441,575.152,488.054,46.53802,43.05909,368.5294,357.278
2020,14.3,47.37555,23.86202,392.0809,334.2258,42.22672,38.82207,318.1777,311.4518
2021,14.3,423.8075,198.145,455.7485,382.2178,48.08379,44.35786,368.6806,356.2898
2022,14.3,181.3562,84.323,294.7574,246.873,47.27042,43.51513,496.5071,484.2582
2023,14.3,515.5575,235.092,670.7605,558.8493,51.44792,47.56219,446.1182,437.1272
2002,14.4,6.859808,5.159807,934.2202,823.8633,41.86317,39.34892,587.8195,554.3185
2003,14.4,36.6571,26.94793,1300.791,1134.156,46.33878,43.63085,507.3456,474.6016
2004,14.4,9.217867,6.84558,1501.655,1318.635,41.21754,38.5812,578.4551,539.6978
2005,14.4,12.86214,9.614635,1754.825,1542.875,43.20853,40.6412,505.1984,471.698
2006,14.4,12.21903,9.113678,695.413,612.5364,41.41877,38.81255,645.4831,604.0386
2007,14.4,4.930487,3.567296,1218.902,1060.225,42.47392,39.59334,672.5135,625.1539
2008,14.4,11.36156,8.304195,1240.554,1085.064,42.80859,40.01031,718.2661,669.1729
2009,14.4,11.14719,7.977315,789.0923,683.067,43.50354,40.52613,668.589,619.9009
2010,14.4,7.074177,5.017911,1207.326,1036.535,42.93115,39.90541,489.6084,451.7438
2011,14.4,10.07534,7.361702,925.2167,817.7576,41.97552,39.10133,1026.074,947.8774
2012,14.4,10.71845,7.838828,826.178,727.0508,39.37673,36.54348,824.2542,759.2155
2013,14.4,40.94448,27.99175,944.5099,802.7538,44.99995,41.6061,715.7822,656.6288
2014,14.4,10.93282,7.612561,347.0635,296.7568,41.66359,38.44591,620.4864,569.1689
2015,14.4,15.43457,11.11,530.7777,462.3967,36.50809,33.55589,658.8202,600.3951
2016,14.4,16.07767,11.50036,1273.138,1102.345,38.1993,35.21465,586.8967,536.9142
2017,14.4,8.360391,5.796569,1372.819,1176.281,42.86248,39.57975,729.2076,666.5021
2018,14.4,3.001166,2.151535,774.0865,676.1197,38.75183,35.73353,812.1066,741.147
2019,14.4,75.88663,51.90135,806.4563,686.5449,43.21426,39.814,687.8245,624.7224
2020,14.4,11.36156,7.7514,1250.843,1059.198,41.95137,38.55854,579.1958,527.4261
2021,14.4,22.29438,14.95958,1328.873,1117.466,44.05549,40.51334,625.5585,570.807
2022,14.4,11.14719,7.54152,1137.227,967.0035,42.1349,38.61368,810.7831,736.4502
2023,14.4,8.57476,5.765532,974.9503,820.7953,41.8834,38.35771,609.9762,554.7886
2002,14.5,349.4214,318.574,43.30254,45.28434,35.94469,34.42545,718.2646,675.4026
2003,14.5,350.9221,320.2271,146.1997,152.7315,36.88405,35.34293,738.8115,689.1389
2004,14.5,121.1185,109.7068,186.0723,195.0213,36.06934,34.3865,789.7696,732.7617
2005,14.5,442.4575,405.2126,278.251,290.0597,33.90112,32.39523,773.0468,720.306
2006,14.5,147.2715,134.2221,73.52856,76.78369,33.9339,32.31287,880.157,818.1568
2007,14.5,243.7375,222.1872,198.2913,206.8489,35.63655,33.96132,970.7987,897.488
2008,14.5,321.3391,291.5449,156.9181,164.2052,35.07866,33.37646,921.0481,855.598
2009,14.5,162.2773,147.3431,87.03381,91.02058,35.01621,33.31242,876.0531,808.1649
2010,14.5,102.8971,92.88463,130.3363,136.8184,31.87374,30.12947,736.3267,676.683
2011,14.5,107.6133,99.04681,114.0443,118.0612,34.23201,32.53695,1323.695,1219.644
2012,14.5,285.9682,261.1117,255.7422,265.9277,32.90621,31.1143,1239.583,1138.621
2013,14.5,498.1936,450.3796,106.5414,111.5395,34.4225,32.58423,951.9797,869.6313
2014,14.5,117.903,105.7943,76.31537,80.28458,32.21359,30.32683,846.1304,775.0068
2015,14.5,131.8369,118.6497,134.4094,141.1447,29.0438,27.18399,816.8582,742.7731
2016,14.5,248.668,221.5198,258.9578,273.733,29.84483,27.91545,699.2658,639.9044
2017,14.5,340.2036,305.7812,374.0739,392.9641,34.43302,32.53701,900.4291,822.7635
2018,14.5,320.2673,288.9936,182.428,191.0283,32.92348,31.01432,1034.718,943.5107
2019,14.5,307.4052,274.9428,121.7616,128.3579,34.15906,32.24813,726.0494,659.1757
2020,14.5,272.0342,240.3284,240.522,255.4991,33.98094,31.96831,594.7341,542.0837
2021,14.5,191.4315,171.617,272.6774,286.9585,32.88593,30.97898,844.7557,772.1465
2022,14.5,195.0758,175.4951,246.5243,258.3372,34.24775,32.24543,1105.643,1004.445
2023,14.5,184.7861,163.3799,195.0758,206.7554,36.03231,33.92101,823.2861,748.8821
2002,14.6,0,0,0,0,43.35535,42.83505,96.17857,93.96382
2003,14.6,0,0,0,0,43.06343,42.52091,57.45714,55.77382
2004,14.6,0,0,0,0,42.94626,42.40707,146.8429,143.8929
2005,14.6,0,0,0,0,41.27637,40.70384,129.6357,127.1775
2006,14.6,0,0,0,0,44.57132,43.97636,149.2428,145.9186
2007,14.6,0,0,0,0,42.30687,41.68,164.6571,160.7662
2008,14.6,0,0,0,0,44.33202,43.70475,88.0143,86.50035
2009,14.6,0,0,0,0,40.78384,40.18626,174.6571,172.7045
2010,14.6,0,0,0,0,40.02848,39.3697,86.62857,84.90721
2011,14.6,0,0,0,0,42.10464,41.47293,84.87857,83.46945
2012,14.6,0,0,0,0,42.03637,41.3805,100.1857,98.10735
2013,14.6,0,0,0,0,44.22818,43.53828,141.4643,140.4896
2014,14.6,0,0,0,0,42.74949,42.05172,130.8571,130.2756
2015,14.6,0,0,0,0,35.43435,34.64071,239.1071,234.8719
2016,14.6,0,0,0,0,37.90808,37.15505,252.1214,245.8167
2017,14.6,0,0,0,0,40.24667,39.52777,179.4786,177.4794
2018,14.6,0,0,0,0,41.37465,40.5892,213.7714,213.4612
2019,14.6,0,0,0,0,40.48798,39.72647,182.3929,176.8157
2020,14.6,0,0,0,0,40.39495,39.56869,93.62142,92.01073
2021,14.6,0,0,0,0,41.70515,40.92344,234.7714,232.3039
2022,14.6,0,0,0,0,39.39485,38.66676,173.3571,170.2751
2023,14.6,0,0,0,0,42.00505,41.16606,188.1143,185.6196
2002,15.1,1005.819,765.0452,264.317,249.0002,15.18243,13.81464,1085.106,1022.648
2003,15.1,3566.457,2544.008,711.2763,648.0627,21.24368,19.54884,1018.313,952.3224
2004,15.1,198.72,162.6169,269.2475,262.1135,10.06134,9.06437,858.7144,803.248
2005,15.1,2748.425,2002.41,429.1667,397.5957,17.53312,15.94782,1032.465,964.3836
2006,15.1,540.853,402.0979,45.0175,42.94629,15.0353,13.55889,1153.947,1076.184
2007,15.1,1996.204,1424.777,583.5125,552.1025,16.71254,15.0325,1234.457,1147.004
2008,15.1,516.8436,387.0375,231.0899,219.6415,12.896,11.4541,1016.746,943.671
2009,15.1,1640.566,1174.413,159.9193,152.3164,16.28218,14.61881,1201.104,1110.893
2010,15.1,792.3077,581.5285,191.8603,180.4675,13.68752,12.14339,962.4273,888.2322
2011,15.1,1071.416,718.7085,335.7019,316.8868,18.79331,16.80661,1429.411,1321.367
2012,15.1,491.3337,359.771,97.96664,94.49848,13.1443,11.5964,1125.282,1035.793
2013,15.1,1161.88,827.9163,101.6109,98.50905,14.54259,12.86204,1221.916,1119.906
2014,15.1,176.4257,130.77,58.52274,58.30695,11.32344,9.845829,1225.372,1121.617
2015,15.1,940.2226,687.864,138.4824,134.7031,11.72526,10.1757,1098.611,1004.006
2016,15.1,928.6465,664.02,692.4119,659.6239,12.15283,10.48388,1015.417,924.6882
2017,15.1,887.702,611.3208,256.171,237.5238,15.40135,13.53853,1016.349,927.8712
2018,15.1,740.2161,530.2761,187.3586,179.2036,11.03623,9.377765,1038.58,946.2097
2019,15.1,1709.593,1125.478,239.879,219.6916,16.99566,14.90695,1020.068,922.7509
2020,15.1,472.0404,320.8241,224.23,201.4626,15.88275,13.94519,785.8187,710.7747
2021,15.1,371.9302,261.4019,132.9088,128.6227,13.07005,11.32107,1102.416,996.5599
2022,15.1,353.7089,240.63,135.4812,127.8961,13.81796,11.90063,1070.098,966.9905
2023,15.1,947.5109,583.796,205.3656,183.5264,19.00986,16.58687,1076.572,969.9192
2002,15.2,1693.301,1511.109,31.29787,30.67794,40.80394,39.48143,517.8671,493.6536
2003,15.2,4419.432,3945.379,107.3989,105.5697,39.33252,38.00011,514.991,489.7423
2004,15.2,378.5756,340.3355,54.44973,53.42941,35.59848,34.36242,473.3282,450.7599
2005,15.2,2006.065,1818.57,74.17168,73.61261,40.13404,38.94434,464.6024,439.8298
2006,15.2,1304.864,1149.277,10.93282,10.67296,42.31313,40.84702,563.7916,537.4871
2007,15.2,837.9686,746.4505,129.9076,129.5599,35.91601,34.48178,559.2815,527.5703
2008,15.2,1174.528,1049.087,94.53674,94.09105,31.50788,30.11803,525.9509,495.8312
2009,15.2,1475.073,1308.246,30.01166,29.97229,38.96344,37.46748,534.5432,501.0422
2010,15.2,585.2273,523.0692,13.07651,12.84894,29.44585,28.13015,392.7946,368.0326
2011,15.2,1785.694,1583.64,76.7441,79.25277,42.91292,41.24425,749.0162,702.0056
2012,15.2,309.5488,272.6149,6.216701,6.20158,33.66006,32.08178,586.8149,551.7715
2013,15.2,1631.134,1480.616,22.72311,24.03937,32.80062,31.29923,743.5623,693.4174
2014,15.2,212.8685,192.8903,4.501749,4.701128,27.13,25.6735,690.0874,644.6789
2015,15.2,1479.789,1296.853,29.79729,29.96037,36.67004,34.98983,521.1581,481.5435
2016,15.2,1057.268,928.0487,105.6839,102.8377,28.09552,26.60361,360.9839,335.0255
2017,15.2,979.8804,866.0724,58.30837,58.41202,38.27032,36.71541,511.4568,475.7353
2018,15.2,265.6032,232.6559,10.93282,10.9106,29.80076,28.15298,519.6245,482.8922
2019,15.2,1104.429,961.3933,50.80546,51.05448,37.76215,36.00047,512.1108,470.8141
2020,15.2,1871.227,1590.205,22.29438,21.22211,40.39233,38.60802,328.5982,302.3229
2021,15.2,289.8269,253.3915,1.500583,1.558419,34.91063,33.0343,674.57,621.2362
2022,15.2,443.3151,382.3425,4.930487,4.977671,31.52941,29.62793,543.8192,498.0279
2023,15.2,1014.823,889.6255,7.502915,7.750189,35.42523,33.61015,614.682,564.2812
2002,15.3,9.860974,9.860974,18.007,14.99198,11.962,10.94778,1045.7,983.0238
2003,15.3,11.79029,11.79029,67.95498,53.5819,16.19067,14.92689,1024.16,959.0302
2004,15.3,2.358059,2.358059,0.643107,0.5547533,8.015778,7.155111,954.22,890.2783
2005,15.3,12.86214,12.86214,57.23652,44.85537,13.69511,12.40822,949.48,885.626
2006,15.3,0.857476,0.857476,0.428738,0.3437524,12.36644,11.13044,1140.44,1060.726
2007,15.3,8.57476,8.57476,14.36272,11.50005,13.53689,12.22911,1369.64,1269.305
2008,15.3,0.428738,0.428738,0.857476,0.7043995,10.49022,9.385777,981.2399,908.9475
2009,15.3,1.286214,1.286214,8.146022,6.50337,13.15556,11.85222,1169.84,1074.977
2010,15.3,0.214369,0.214369,21.86564,17.06038,12.52022,11.17311,985.1,908.5
2011,15.3,0,0,8.789129,6.740275,15.39578,13.83356,1484.82,1364.799
2012,15.3,0,0,0,0,10.66622,9.419333,1134.34,1038.091
2013,15.3,0.428738,0.428738,2.358059,1.843579,13.06933,11.63711,1227.3,1121.174
2014,15.3,0,0,0.428738,0.3418494,11.41867,10.08422,1206.48,1103.623
2015,15.3,0,0,1.071845,0.8956265,8.274221,7.186667,1041.8,951.0551
2016,15.3,0,0,9.003498,6.946841,11.034,9.598223,969.1,880.257
2017,15.3,0,0,1.500583,1.159312,11.24178,9.828444,935.5601,851.9467
2018,15.3,0.214369,0.214369,9.003497,7.36493,7.393778,6.209333,1017.04,925.5563
2019,15.3,4.930487,4.930487,3.001166,2.209423,14.434,12.73911,1085.9,981.2237
2020,15.3,0.214369,0.214369,1.714952,1.2652,12.84911,11.29178,685.86,621.389
2021,15.3,0,0,1.500583,1.210199,9.463333,8.169111,1093.08,986.9368
2022,15.3,3.644273,3.644273,0.643107,0.4779905,13.48111,11.814,1111.68,1002.405
2023,15.3,0,0,4.073011,2.801561,16.43511,14.46089,989.92,892.3367
2002,15.4,32.58409,30.03838,261.5302,268.476,20.94404,20.49452,740.8387,713.3537
2003,15.4,25.08117,22.51904,166.5647,172.2048,21.10187,20.48632,751.1968,715.9675
2004,15.4,24.2237,21.65354,494.7636,511.7012,29.09519,28.4403,821.7097,785.8704
2005,15.4,14.36272,12.92576,397.2257,408.1208,23.42147,22.74125,651.1677,621.2789
2006,15.4,52.94914,46.65816,234.9484,243.8808,31.63278,30.88515,806.0936,766.2128
2007,15.4,293.8999,262.8939,196.362,201.1993,29.26618,28.48619,666.7871,638.7255
2008,15.4,40.94448,36.46451,225.0875,232.3646,23.69188,22.97346,712.1226,677.548
2009,15.4,134.6237,117.7046,170.6377,176.9066,34.23077,33.3868,878.9904,839.5795
2010,15.4,13.93399,12.39121,826.1781,852.7601,19.54226,18.80693,737.2838,702.73
2011,15.4,191.0028,165.2706,234.5197,245.4376,29.68726,28.87174,877.0129,829.054
2012,15.4,42.44506,37.4761,270.9624,278.2463,25.08787,24.20758,693.329,662.5307
2013,15.4,80.81712,70.10618,193.1465,200.246,24.52585,23.60275,807.6613,767.6785
2014,15.4,47.58992,41.27303,161.2055,169.1841,19.47337,18.72064,942.3549,892.2326
2015,15.4,138.0536,118.5528,101.8253,106.9224,21.10715,20.26248,778.6581,727.3923
2016,15.4,13.50525,11.9219,393.5815,406.6201,20.0671,19.27064,583.5419,547.7018
2017,15.4,135.4812,109.2502,368.7147,399.3309,28.7984,27.75678,1052.406,971.056
2018,15.4,144.9135,123.3595,204.0793,213.4224,24.33978,23.34915,940.071,891.5687
2019,15.4,43.30254,36.35008,103.5402,111.15,16.98922,16.2276,1160.265,1089.091
2020,15.4,25.72428,21.09282,242.237,259.1024,27.22359,26.174,1081.197,1011.357
2021,15.4,22.50875,18.87126,275.2498,291.3106,22.28293,21.3077,914.4225,854.9396
2022,15.4,59.80895,51.32755,270.5337,282.5627,18.10837,17.18163,888.5936,841.7109
2023,15.4,145.9853,119.8192,231.5185,246.1618,25.38553,24.26126,948.6677,883.8528
2002,15.5,30.22603,26.67304,2.14369,2.061083,35.44489,33.96311,714.8867,696.191
2003,15.5,196.7907,170.607,22.93748,22.02361,39.50733,37.89741,465.6133,449.3619
2004,15.5,32.36972,27.13519,4.073011,3.884926,38.02319,36.09163,561.36,544.8526
2005,15.5,111.2575,98.16983,4.28738,4.088193,35.73629,34.09296,768.2667,739.5809
2006,15.5,77.17284,66.6675,7.288546,6.989797,36.30052,34.64697,668.2001,651.322
2007,15.5,91.9643,79.84628,3.429904,3.270523,34.93874,33.20259,705.2066,680.235
2008,15.5,197.4339,165.1274,9.003498,8.528053,40.55311,38.47274,855,830.5845
2009,15.5,8.57476,7.542118,0.428738,0.4063074,35.96393,34.18251,1002.687,967.2759
2010,15.5,2.14369,1.872687,2.14369,2.035504,28.35052,26.56785,689.28,657.8063
2011,15.5,55.30721,47.38849,17.14952,16.19141,40.82,38.81526,1077.333,1043.427
2012,15.5,17.14952,14.41703,12.4334,11.72507,38.55733,36.42067,877.6333,846.705
2013,15.5,41.58759,33.52292,5.359225,5.030723,44.44696,41.97985,834.4066,807.6075
2014,15.5,3.429904,2.80243,0,0,37.92778,35.51007,844.68,813.0065
2015,15.5,10.71845,9.276784,2.786797,2.621603,25.41593,23.39859,805.7267,765.1194
2016,15.5,16.07767,13.27727,7.288546,6.842807,35.18844,32.86303,755.2134,723.0137
2017,15.5,63.66759,52.71508,8.574759,8.053284,37.71985,35.41644,743.9133,711.5521
2018,15.5,33.01283,25.90091,1.929321,1.809002,42.80318,40.15881,659.6666,637.7318
2019,15.5,78.45905,62.94376,0,0,41.97615,39.48681,616.1333,590.7504
2020,15.5,38.58642,29.96619,1.500583,1.411283,41.19267,38.54882,516.3934,500.4906
2021,15.5,59.16585,48.81259,2.572428,2.40168,39.22467,36.78518,869.9934,831.2731
2022,15.5,37.51458,32.10825,6.43107,6.005589,35.81341,33.58918,1015.653,968.7371
2023,15.5,226.3737,192.4395,2.358059,2.224838,34.59681,32.53393,676.8467,643.9536
2002,15.6,3.644273,3.658886,31.51224,41.36561,35.84464,33.80688,974.1538,922.9514
2003,15.6,55.95031,56.69937,44.37439,59.05902,35.25175,33.20385,1125.315,1061.685
2004,15.6,6.645439,6.740852,78.24468,103.9539,33.37897,31.35438,1119.885,1055.525
2005,15.6,7.717284,7.780674,34.94215,45.70808,32.01872,30.05048,954.3,899.1824
2006,15.6,2.572428,2.655079,15.43457,20.9324,32.36416,30.36036,1423.446,1336.766
2007,15.6,0.214369,0.220281,44.58875,60.48471,31.46365,29.41287,1300.669,1218.727
2008,15.6,8.360391,8.559347,34.29904,46.4463,31.636,29.56064,1214.877,1137.218
2009,15.6,4.28738,4.419173,10.71845,15.0572,37.08052,34.79396,1320.015,1228.726
2010,15.6,4.28738,4.369303,26.36739,35.84427,30.25418,28.10214,1028.792,955.4283
2011,15.6,8.146022,8.633747,22.08001,31.76448,33.51585,31.33326,1771.039,1645.523
2012,15.6,1.071845,1.129267,35.37088,50.16333,31.27146,29.13687,1613.615,1497.004
2013,15.6,30.22603,31.0812,23.79496,33.61765,36.54313,34.18874,1182.908,1093.208
2014,15.6,0.428738,0.4412281,36.87147,51.98893,32.39463,30.06376,1174.4,1084.16
2015,15.6,3.215535,3.284921,30.22603,42.7777,36.30264,33.86782,1040.777,957.8598
2016,15.6,4.073011,4.107701,135.2668,185.7722,32.41886,30.08167,806.1615,742.33
2017,15.6,6.645439,6.840257,130.122,181.404,29.87035,27.62795,1086.946,998.467
2018,15.6,4.716118,4.863644,35.37088,49.81194,33.43157,31.13147,1118.392,1026.109
2019,15.6,50.37671,51.58141,60.66643,83.69148,30.2921,28.07604,941.6077,860.6275
2020,15.6,5.787963,5.89809,33.01283,45.5863,30.17816,27.90569,884.5385,808.5634
2021,15.6,11.36156,11.96899,45.01749,64.81801,28.80472,26.5534,1366.446,1247.34
2022,15.6,27.01049,28.09652,48.23303,69.12045,31.11922,28.7742,1160.746,1056.142
2023,15.6,12.64777,13.30784,49.73361,73.60005,31.547,29.07367,1372.361,1249.837
